season,cutoff_fraction,team,predicted_title,actual_title,predicted_top4,actual_top4,predicted_relegation,actual_relegation
2003-04,0.25,Manchester United,0.49745,0,0.99685,1,0.0,0
2003-04,0.25,Arsenal,0.44535,1,0.99615,1,0.0,0
2003-04,0.25,Chelsea,0.05175,0,0.90075,1,0.0,0
2003-04,0.25,Liverpool,0.0049,0,0.576,1,5e-05,0
2003-04,0.25,Newcastle United,0.0003,0,0.19995,0,0.0031,0
2003-04,0.25,Birmingham City,0.0001,0,0.1022,0,0.0065,0
2003-04,0.25,Portsmouth,5e-05,0,0.0542,0,0.02005,0
2003-04,0.25,Leeds United,0.0,0,0.03125,0,0.03475,1
2003-04,0.25,Fulham,5e-05,0,0.0235,0,0.04505,0
2003-04,0.25,Manchester City,5e-05,0,0.02545,0,0.0454,0
2003-04,0.25,Blackburn Rovers,0.0,0,0.02145,0,0.0646,0
2003-04,0.25,Aston Villa,0.0,0,0.0186,0,0.05715,0
2003-04,0.25,Charlton Athletic,0.0,0,0.0161,0,0.0643,0
2003-04,0.25,Southampton,0.0,0,0.01475,0,0.07345,0
2003-04,0.25,Tottenham Hotspur,0.0,0,0.013,0,0.0741,0
2003-04,0.25,Everton,0.0,0,0.0078,0,0.1258,0
2003-04,0.25,Middlesbrough,0.0,0,0.00175,0,0.2482,0
2003-04,0.25,Bolton Wanderers,0.0,0,0.00015,0,0.55125,0
2003-04,0.25,Leicester City,0.0,0,0.0001,0,0.5863,1
2003-04,0.25,Wolverhampton Wanderers,0.0,0,0.0,0,0.99995,1
2003-04,0.5,Manchester United,0.59695,0,1.0,1,0.0,0
2003-04,0.5,Arsenal,0.34505,1,1.0,1,0.0,0
2003-04,0.5,Chelsea,0.0579,0,0.9964,1,0.0,0
2003-04,0.5,Liverpool,0.0001,0,0.6733,1,0.0,0
2003-04,0.5,Newcastle United,0.0,0,0.11555,0,0.0015,0
2003-04,0.5,Charlton Athletic,0.0,0,0.0756,0,0.00215,0
2003-04,0.5,Fulham,0.0,0,0.04425,0,0.00795,0
2003-04,0.5,Aston Villa,0.0,0,0.0276,0,0.0111,0
2003-04,0.5,Birmingham City,0.0,0,0.02315,0,0.018,0
2003-04,0.5,Southampton,0.0,0,0.01515,0,0.025,0
2003-04,0.5,Blackburn Rovers,0.0,0,0.01345,0,0.03505,0
2003-04,0.5,Everton,0.0,0,0.00525,0,0.068,0
2003-04,0.5,Middlesbrough,0.0,0,0.0052,0,0.088,0
2003-04,0.5,Manchester City,0.0,0,0.0017,0,0.15,0
2003-04,0.5,Bolton Wanderers,0.0,0,0.0018,0,0.1503,0
2003-04,0.5,Leeds United,0.0,0,0.00095,0,0.19345,1
2003-04,0.5,Tottenham Hotspur,0.0,0,0.00045,0,0.32335,0
2003-04,0.5,Leicester City,0.0,0,0.0002,0,0.4264,1
2003-04,0.5,Portsmouth,0.0,0,0.0,0,0.51335,0
2003-04,0.5,Wolverhampton Wanderers,0.0,0,0.0,0,0.9864,1
2003-04,0.75,Arsenal,0.9666,1,1.0,1,0.0,0
2003-04,0.75,Chelsea,0.0243,0,1.0,1,0.0,0
2003-04,0.75,Manchester United,0.0091,0,1.0,1,0.0,0
2003-04,0.75,Liverpool,0.0,0,0.5355,1,0.0,0
2003-04,0.75,Newcastle United,0.0,0,0.232,0,0.0,0
2003-04,0.75,Charlton Athletic,0.0,0,0.1023,0,0.0,0
2003-04,0.75,Aston Villa,0.0,0,0.0591,0,0.0,0
2003-04,0.75,Birmingham City,0.0,0,0.04975,0,0.0,0
2003-04,0.75,Fulham,0.0,0,0.01375,0,5e-05,0
2003-04,0.75,Southampton,0.0,0,0.0033,0,0.00085,0
2003-04,0.75,Tottenham Hotspur,0.0,0,0.0024,0,0.00065,0
2003-04,0.75,Middlesbrough,0.0,0,0.0014,0,0.0023,0
2003-04,0.75,Bolton Wanderers,0.0,0,0.00035,0,0.0119,0
2003-04,0.75,Everton,0.0,0,0.0001,0,0.01765,0
2003-04,0.75,Manchester City,0.0,0,5e-05,0,0.03235,0
2003-04,0.75,Blackburn Rovers,0.0,0,0.0,0,0.07905,0
2003-04,0.75,Leicester City,0.0,0,0.0,0,0.54695,1
2003-04,0.75,Leeds United,0.0,0,0.0,0,0.59045,1
2003-04,0.75,Portsmouth,0.0,0,0.0,0,0.76805,0
2003-04,0.75,Wolverhampton Wanderers,0.0,0,0.0,0,0.94975,1
2004-05,0.25,Arsenal,0.7544,0,0.9978,1,0.0,0
2004-05,0.25,Chelsea,0.1454,1,0.9559,1,0.0,0
2004-05,0.25,Manchester United,0.0717,0,0.90715,1,0.0,0
2004-05,0.25,Liverpool,0.02735,0,0.7618,0,0.0,0
2004-05,0.25,Newcastle United,0.00045,0,0.1234,0,0.00145,0
2004-05,0.25,Everton,0.0003,0,0.10075,1,0.00085,0
2004-05,0.25,Middlesbrough,0.0002,0,0.04975,0,0.00355,0
2004-05,0.25,Aston Villa,0.0001,0,0.0347,0,0.00535,0
2004-05,0.25,Bolton Wanderers,0.0001,0,0.0321,0,0.00635,0
2004-05,0.25,Manchester City,0.0,0,0.01135,0,0.0266,0
2004-05,0.25,Tottenham Hotspur,0.0,0,0.00895,0,0.02575,0
2004-05,0.25,Portsmouth,0.0,0,0.00665,0,0.0431,0
2004-05,0.25,Charlton Athletic,0.0,0,0.00465,0,0.05675,0
2004-05,0.25,Birmingham City,0.0,0,0.00255,0,0.0794,0
2004-05,0.25,Blackburn Rovers,0.0,0,0.00125,0,0.12255,0
2004-05,0.25,Fulham,0.0,0,0.00095,0,0.1346,0
2004-05,0.25,Southampton,0.0,0,0.0003,0,0.22405,1
2004-05,0.25,Norwich City,0.0,0,0.0,0,0.6709,1
2004-05,0.25,Crystal Palace,0.0,0,0.0,0,0.68855,1
2004-05,0.25,West Bromwich Albion,0.0,0,0.0,0,0.9102,0
2004-05,0.5,Chelsea,0.5944,1,0.9984,1,0.0,0
2004-05,0.5,Arsenal,0.31655,0,0.9934,1,0.0,0
2004-05,0.5,Manchester United,0.0855,0,0.96265,1,0.0,0
2004-05,0.5,Liverpool,0.00175,0,0.4953,0,0.0,0
2004-05,0.5,Everton,0.00175,0,0.4088,1,0.0,0
2004-05,0.5,Middlesbrough,5e-05,0,0.0933,0,0.0,0
2004-05,0.5,Tottenham Hotspur,0.0,0,0.0148,0,0.0004,0
2004-05,0.5,Aston Villa,0.0,0,0.0094,0,0.0007,0
2004-05,0.5,Charlton Athletic,0.0,0,0.0092,0,0.00085,0
2004-05,0.5,Newcastle United,0.0,0,0.00565,0,0.00195,0
2004-05,0.5,Portsmouth,0.0,0,0.00405,0,0.0015,0
2004-05,0.5,Manchester City,0.0,0,0.00205,0,0.0033,0
2004-05,0.5,Birmingham City,0.0,0,0.00135,0,0.0065,0
2004-05,0.5,Bolton Wanderers,0.0,0,0.00155,0,0.0097,0
2004-05,0.5,Fulham,0.0,0,5e-05,0,0.04815,0
2004-05,0.5,Blackburn Rovers,0.0,0,5e-05,0,0.09175,0
2004-05,0.5,Southampton,0.0,0,0.0,0,0.35375,1
2004-05,0.5,Crystal Palace,0.0,0,0.0,0,0.7093,1
2004-05,0.5,Norwich City,0.0,0,0.0,0,0.786,1
2004-05,0.5,West Bromwich Albion,0.0,0,0.0,0,0.98615,0
2004-05,0.75,Chelsea,0.9423,1,1.0,1,0.0,0
2004-05,0.75,Manchester United,0.0444,0,1.0,1,0.0,0
2004-05,0.75,Arsenal,0.0133,0,0.99995,1,0.0,0
2004-05,0.75,Everton,0.0,0,0.45635,1,0.0,0
2004-05,0.75,Liverpool,0.0,0,0.4617,0,0.0,0
2004-05,0.75,Middlesbrough,0.0,0,0.0267,0,0.0,0
2004-05,0.75,Charlton Athletic,0.0,0,0.01725,0,0.0,0
2004-05,0.75,Bolton Wanderers,0.0,0,0.01585,0,0.0,0
2004-05,0.75,Tottenham Hotspur,0.0,0,0.00845,0,0.0,0
2004-05,0.75,Newcastle United,0.0,0,0.0079,0,0.0001,0
2004-05,0.75,Aston Villa,0.0,0,0.0042,0,5e-05,0
2004-05,0.75,Manchester City,0.0,0,0.00155,0,5e-05,0
2004-05,0.75,Blackburn Rovers,0.0,0,5e-05,0,0.01135,0
2004-05,0.75,Birmingham City,0.0,0,5e-05,0,0.0079,0
2004-05,0.75,Fulham,0.0,0,0.0,0,0.01915,0
2004-05,0.75,Portsmouth,0.0,0,0.0,0,0.0373,0
2004-05,0.75,Crystal Palace,0.0,0,0.0,0,0.44825,1
2004-05,0.75,Southampton,0.0,0,0.0,0,0.50555,1
2004-05,0.75,West Bromwich Albion,0.0,0,0.0,0,0.9853,0
2004-05,0.75,Norwich City,0.0,0,0.0,0,0.985,1
2005-06,0.25,Chelsea,0.7947,1,0.99845,1,0.0,0
2005-06,0.25,Manchester United,0.108,0,0.93315,1,0.0,0
2005-06,0.25,Arsenal,0.0778,0,0.9106,1,0.0,0
2005-06,0.25,Wigan Athletic,0.018,0,0.71545,0,0.0,0
2005-06,0.25,Liverpool,0.0012,0,0.2047,1,0.00075,0
2005-06,0.25,Tottenham Hotspur,0.00015,0,0.08905,0,0.0015,0
2005-06,0.25,Charlton Athletic,5e-05,0,0.03985,0,0.00485,0
2005-06,0.25,Manchester City,0.0,0,0.03625,0,0.00565,0
2005-06,0.25,Newcastle United,5e-05,0,0.02075,0,0.0173,0
2005-06,0.25,Bolton Wanderers,0.0,0,0.0147,0,0.02065,0
2005-06,0.25,Blackburn Rovers,5e-05,0,0.01105,0,0.0205,0
2005-06,0.25,West Ham United,0.0,0,0.0126,0,0.02835,0
2005-06,0.25,Middlesbrough,0.0,0,0.00895,0,0.02855,0
2005-06,0.25,Aston Villa,0.0,0,0.00215,0,0.08195,0
2005-06,0.25,Fulham,0.0,0,0.00205,0,0.09215,0
2005-06,0.25,Everton,0.0,0,0.0002,0,0.2916,0
2005-06,0.25,Birmingham City,0.0,0,0.0,0,0.3864,1
2005-06,0.25,Portsmouth,0.0,0,0.0,0,0.51325,0
2005-06,0.25,West Bromwich Albion,0.0,0,5e-05,0,0.74415,1
2005-06,0.25,Sunderland,0.0,0,0.0,0,0.7624,1
2005-06,0.5,Chelsea,0.9497,1,1.0,1,0.0,0
2005-06,0.5,Manchester United,0.03935,0,0.97775,1,0.0,0
2005-06,0.5,Liverpool,0.0071,0,0.8679,1,0.0,0
2005-06,0.5,Arsenal,0.00375,0,0.85,1,0.0,0
2005-06,0.5,Wigan Athletic,0.0001,0,0.1879,0,0.0,0
2005-06,0.5,Tottenham Hotspur,0.0,0,0.05155,0,0.0,0
2005-06,0.5,Bolton Wanderers,0.0,0,0.04295,0,0.0,0
2005-06,0.5,Newcastle United,0.0,0,0.01365,0,0.00055,0
2005-06,0.5,Manchester City,0.0,0,0.0033,0,0.00135,0
2005-06,0.5,Blackburn Rovers,0.0,0,0.0032,0,0.00315,0
2005-06,0.5,West Ham United,0.0,0,0.00105,0,0.00485,0
2005-06,0.5,Aston Villa,0.0,0,0.0002,0,0.02125,0
2005-06,0.5,Middlesbrough,0.0,0,0.00015,0,0.03415,0
2005-06,0.5,Charlton Athletic,0.0,0,0.0002,0,0.03255,0
2005-06,0.5,Fulham,0.0,0,0.0002,0,0.03425,0
2005-06,0.5,Everton,0.0,0,0.0,0,0.1775,0
2005-06,0.5,West Bromwich Albion,0.0,0,0.0,0,0.51435,1
2005-06,0.5,Birmingham City,0.0,0,0.0,0,0.53355,1
2005-06,0.5,Portsmouth,0.0,0,0.0,0,0.65695,0
2005-06,0.5,Sunderland,0.0,0,0.0,0,0.98555,1
2005-06,0.75,Chelsea,0.98965,1,1.0,1,0.0,0
2005-06,0.75,Manchester United,0.0103,0,0.99975,1,0.0,0
2005-06,0.75,Liverpool,5e-05,0,0.97205,1,0.0,0
2005-06,0.75,Arsenal,0.0,0,0.6673,1,0.0,0
2005-06,0.75,Tottenham Hotspur,0.0,0,0.15405,0,0.0,0
2005-06,0.75,Bolton Wanderers,0.0,0,0.13185,0,0.0,0
2005-06,0.75,Blackburn Rovers,0.0,0,0.0585,0,0.0,0
2005-06,0.75,West Ham United,0.0,0,0.0062,0,0.0,0
2005-06,0.75,Wigan Athletic,0.0,0,0.006,0,0.0,0
2005-06,0.75,Newcastle United,0.0,0,0.00285,0,0.0,0
2005-06,0.75,Manchester City,0.0,0,0.00075,0,0.0,0
2005-06,0.75,Everton,0.0,0,0.0005,0,0.0,0
2005-06,0.75,Middlesbrough,0.0,0,0.00015,0,0.0004,0
2005-06,0.75,Charlton Athletic,0.0,0,5e-05,0,0.0003,0
2005-06,0.75,Aston Villa,0.0,0,0.0,0,0.0008,0
2005-06,0.75,Fulham,0.0,0,0.0,0,0.0045,0
2005-06,0.75,Birmingham City,0.0,0,0.0,0,0.4484,1
2005-06,0.75,West Bromwich Albion,0.0,0,0.0,0,0.63275,1
2005-06,0.75,Portsmouth,0.0,0,0.0,0,0.91285,0
2005-06,0.75,Sunderland,0.0,0,0.0,0,1.0,1
2006-07,0.25,Manchester United,0.37505,1,0.994,1,0.0,0
2006-07,0.25,Chelsea,0.37585,0,0.99445,1,0.0,0
2006-07,0.25,Arsenal,0.24525,0,0.98475,1,0.0,0
2006-07,0.25,Liverpool,0.0029,0,0.4826,1,0.0001,0
2006-07,0.25,Bolton Wanderers,0.0009,0,0.26545,0,0.0004,0
2006-07,0.25,Aston Villa,5e-05,0,0.06555,0,0.0072,0
2006-07,0.25,Everton,0.0,0,0.0378,0,0.01355,0
2006-07,0.25,Blackburn Rovers,0.0,0,0.0362,0,0.01665,0
2006-07,0.25,Portsmouth,0.0,0,0.0269,0,0.01785,0
2006-07,0.25,Tottenham Hotspur,0.0,0,0.02485,0,0.0258,0
2006-07,0.25,Fulham,0.0,0,0.0248,0,0.0252,0
2006-07,0.25,Newcastle United,0.0,0,0.0198,0,0.03095,0
2006-07,0.25,Middlesbrough,0.0,0,0.01385,0,0.04745,0
2006-07,0.25,Reading,0.0,0,0.0135,0,0.04865,0
2006-07,0.25,Manchester City,0.0,0,0.00695,0,0.08375,0
2006-07,0.25,Wigan Athletic,0.0,0,0.00775,0,0.08855,0
2006-07,0.25,West Ham United,0.0,0,0.0006,0,0.3355,0
2006-07,0.25,Charlton Athletic,0.0,0,0.0002,0,0.45835,1
2006-07,0.25,Watford,0.0,0,0.0,0,0.86245,1
2006-07,0.25,Sheffield United,0.0,0,0.0,0,0.9376,1
2006-07,0.5,Manchester United,0.6264,1,1.0,1,0.0,0
2006-07,0.5,Chelsea,0.3662,0,0.99965,1,0.0,0
2006-07,0.5,Arsenal,0.0064,0,0.9364,1,0.0,0
2006-07,0.5,Liverpool,0.001,0,0.8141,1,0.0,0
2006-07,0.5,Bolton Wanderers,0.0,0,0.15025,0,0.0,0
2006-07,0.5,Portsmouth,0.0,0,0.0367,0,0.00075,0
2006-07,0.5,Tottenham Hotspur,0.0,0,0.03085,0,0.0018,0
2006-07,0.5,Newcastle United,0.0,0,0.01305,0,0.00525,0
2006-07,0.5,Everton,0.0,0,0.00985,0,0.00605,0
2006-07,0.5,Aston Villa,0.0,0,0.00395,0,0.01555,0
2006-07,0.5,Reading,0.0,0,0.0018,0,0.02715,0
2006-07,0.5,Fulham,0.0,0,0.00125,0,0.04895,0
2006-07,0.5,Blackburn Rovers,0.0,0,0.0012,0,0.06315,0
2006-07,0.5,Wigan Athletic,0.0,0,0.0007,0,0.07415,0
2006-07,0.5,Middlesbrough,0.0,0,0.0002,0,0.1237,0
2006-07,0.5,Manchester City,0.0,0,0.0,0,0.1388,0
2006-07,0.5,West Ham United,0.0,0,0.0,0,0.3113,0
2006-07,0.5,Sheffield United,0.0,0,5e-05,0,0.38035,1
2006-07,0.5,Charlton Athletic,0.0,0,0.0,0,0.8334,1
2006-07,0.5,Watford,0.0,0,0.0,0,0.96965,1
2006-07,0.75,Manchester United,0.9392,1,1.0,1,0.0,0
2006-07,0.75,Chelsea,0.06065,0,1.0,1,0.0,0
2006-07,0.75,Arsenal,0.00015,0,0.99265,1,0.0,0
2006-07,0.75,Liverpool,0.0,0,0.9541,1,0.0,0
2006-07,0.75,Bolton Wanderers,0.0,0,0.03225,0,0.0,0
2006-07,0.75,Reading,0.0,0,0.01825,0,0.0,0
2006-07,0.75,Everton,0.0,0,0.00165,0,0.0,0
2006-07,0.75,Tottenham Hotspur,0.0,0,0.00075,0,0.0,0
2006-07,0.75,Blackburn Rovers,0.0,0,0.0001,0,0.0,0
2006-07,0.75,Portsmouth,0.0,0,0.0002,0,0.0,0
2006-07,0.75,Newcastle United,0.0,0,0.0,0,0.00035,0
2006-07,0.75,Middlesbrough,0.0,0,5e-05,0,0.00065,0
2006-07,0.75,Aston Villa,0.0,0,0.0,0,0.0044,0
2006-07,0.75,Wigan Athletic,0.0,0,0.0,0,0.02465,0
2006-07,0.75,Fulham,0.0,0,0.0,0,0.02525,0
2006-07,0.75,Manchester City,0.0,0,0.0,0,0.0663,0
2006-07,0.75,Sheffield United,0.0,0,0.0,0,0.1246,1
2006-07,0.75,Charlton Athletic,0.0,0,0.0,0,0.78445,1
2006-07,0.75,West Ham United,0.0,0,0.0,0,0.9725,0
2006-07,0.75,Watford,0.0,0,0.0,0,0.99685,1
2007-08,0.25,Manchester United,0.40535,1,0.9879,1,0.0,0
2007-08,0.25,Arsenal,0.41885,0,0.9859,1,0.0,0
2007-08,0.25,Chelsea,0.1227,0,0.9404,1,0.0,0
2007-08,0.25,Liverpool,0.05225,0,0.8422,1,0.0,0
2007-08,0.25,Blackburn Rovers,0.0006,0,0.0817,0,0.0008,0
2007-08,0.25,Manchester City,0.0001,0,0.0625,0,0.0005,0
2007-08,0.25,Portsmouth,0.0001,0,0.0348,0,0.0016,0
2007-08,0.25,Newcastle United,5e-05,0,0.0328,0,0.00295,0
2007-08,0.25,Aston Villa,0.0,0,0.01675,0,0.0054,0
2007-08,0.25,Everton,0.0,0,0.0075,0,0.01055,0
2007-08,0.25,Tottenham Hotspur,0.0,0,0.00455,0,0.03365,0
2007-08,0.25,Reading,0.0,0,0.0011,0,0.07715,1
2007-08,0.25,West Ham United,0.0,0,0.0014,0,0.08355,0
2007-08,0.25,Middlesbrough,0.0,0,0.00015,0,0.1626,0
2007-08,0.25,Bolton Wanderers,0.0,0,5e-05,0,0.20735,0
2007-08,0.25,Birmingham City,0.0,0,5e-05,0,0.2427,1
2007-08,0.25,Fulham,0.0,0,0.00015,0,0.25195,0
2007-08,0.25,Wigan Athletic,0.0,0,0.0001,0,0.39375,0
2007-08,0.25,Sunderland,0.0,0,0.0,0,0.6719,0
2007-08,0.25,Derby County,0.0,0,0.0,0,0.8536,1
2007-08,0.5,Manchester United,0.58805,1,0.99925,1,0.0,0
2007-08,0.5,Arsenal,0.31775,0,0.99605,1,0.0,0
2007-08,0.5,Chelsea,0.07155,0,0.973,1,0.0,0
2007-08,0.5,Liverpool,0.02265,0,0.89675,1,0.0,0
2007-08,0.5,Everton,0.0,0,0.06025,0,0.0,0
2007-08,0.5,Manchester City,0.0,0,0.03095,0,5e-05,0
2007-08,0.5,Portsmouth,0.0,0,0.0218,0,0.0,0
2007-08,0.5,Aston Villa,0.0,0,0.01565,0,5e-05,0
2007-08,0.5,Blackburn Rovers,0.0,0,0.005,0,0.0001,0
2007-08,0.5,West Ham United,0.0,0,0.00065,0,0.0021,0
2007-08,0.5,Newcastle United,0.0,0,0.00045,0,0.0023,0
2007-08,0.5,Tottenham Hotspur,0.0,0,0.0002,0,0.00555,0
2007-08,0.5,Reading,0.0,0,0.0,0,0.0224,1
2007-08,0.5,Bolton Wanderers,0.0,0,0.0,0,0.07365,0
2007-08,0.5,Middlesbrough,0.0,0,0.0,0,0.14515,0
2007-08,0.5,Birmingham City,0.0,0,0.0,0,0.1693,1
2007-08,0.5,Wigan Athletic,0.0,0,0.0,0,0.3097,0
2007-08,0.5,Fulham,0.0,0,0.0,0,0.4349,0
2007-08,0.5,Sunderland,0.0,0,0.0,0,0.8416,0
2007-08,0.5,Derby County,0.0,0,0.0,0,0.99315,1
2007-08,0.75,Manchester United,0.54845,1,0.99965,1,0.0,0
2007-08,0.75,Arsenal,0.3248,0,0.99935,1,0.0,0
2007-08,0.75,Chelsea,0.12595,0,0.9915,1,0.0,0
2007-08,0.75,Liverpool,0.0007,0,0.7136,1,0.0,0
2007-08,0.75,Everton,0.0001,0,0.26295,0,0.0,0
2007-08,0.75,Aston Villa,0.0,0,0.03035,0,0.0,0
2007-08,0.75,Portsmouth,0.0,0,0.0014,0,0.0,0
2007-08,0.75,Blackburn Rovers,0.0,0,0.001,0,0.0,0
2007-08,0.75,Manchester City,0.0,0,0.0002,0,0.0,0
2007-08,0.75,West Ham United,0.0,0,0.0,0,0.0,0
2007-08,0.75,Tottenham Hotspur,0.0,0,0.0,0,0.0,0
2007-08,0.75,Middlesbrough,0.0,0,0.0,0,0.03235,0
2007-08,0.75,Newcastle United,0.0,0,0.0,0,0.07365,0
2007-08,0.75,Reading,0.0,0,0.0,0,0.08155,1
2007-08,0.75,Birmingham City,0.0,0,0.0,0,0.1293,1
2007-08,0.75,Wigan Athletic,0.0,0,0.0,0,0.1805,0
2007-08,0.75,Bolton Wanderers,0.0,0,0.0,0,0.24075,0
2007-08,0.75,Sunderland,0.0,0,0.0,0,0.48345,0
2007-08,0.75,Fulham,0.0,0,0.0,0,0.77845,0
2007-08,0.75,Derby County,0.0,0,0.0,0,1.0,1
2008-09,0.25,Chelsea,0.3277,0,0.96595,1,0.0,0
2008-09,0.25,Manchester United,0.3272,1,0.96505,1,0.0,0
2008-09,0.25,Liverpool,0.1995,0,0.92755,1,0.0,0
2008-09,0.25,Arsenal,0.13955,0,0.8985,1,0.0,0
2008-09,0.25,Hull City,0.0055,0,0.1905,0,0.0,0
2008-09,0.25,Aston Villa,0.00045,0,0.04095,0,0.00055,0
2008-09,0.25,Blackburn Rovers,5e-05,0,0.0033,0,0.01765,0
2008-09,0.25,Portsmouth,0.0,0,0.003,0,0.0207,0
2008-09,0.25,Everton,5e-05,0,0.0018,0,0.0259,0
2008-09,0.25,Manchester City,0.0,0,0.00205,0,0.02555,0
2008-09,0.25,Middlesbrough,0.0,0,0.0005,0,0.10965,1
2008-09,0.25,West Ham United,0.0,0,0.0003,0,0.11615,0
2008-09,0.25,Newcastle United,0.0,0,0.0002,0,0.1277,1
2008-09,0.25,Tottenham Hotspur,0.0,0,0.00015,0,0.1395,0
2008-09,0.25,Bolton Wanderers,0.0,0,0.0002,0,0.1525,0
2008-09,0.25,Fulham,0.0,0,0.0,0,0.27445,0
2008-09,0.25,Wigan Athletic,0.0,0,0.0,0,0.33225,0
2008-09,0.25,Sunderland,0.0,0,0.0,0,0.4034,0
2008-09,0.25,Stoke City,0.0,0,0.0,0,0.59935,0
2008-09,0.25,West Bromwich Albion,0.0,0,0.0,0,0.6547,1
2008-09,0.5,Manchester United,0.4125,1,0.99305,1,0.0,0
2008-09,0.5,Chelsea,0.38775,0,0.99525,1,0.0,0
2008-09,0.5,Liverpool,0.1889,0,0.9797,1,0.0,0
2008-09,0.5,Arsenal,0.0101,0,0.7902,1,0.0,0
2008-09,0.5,Aston Villa,0.00075,0,0.21215,0,0.0,0
2008-09,0.5,Everton,0.0,0,0.0257,0,0.0005,0
2008-09,0.5,Hull City,0.0,0,0.0011,0,0.0284,0
2008-09,0.5,Bolton Wanderers,0.0,0,0.00065,0,0.04115,0
2008-09,0.5,Fulham,0.0,0,0.00065,0,0.0449,0
2008-09,0.5,Tottenham Hotspur,0.0,0,0.00025,0,0.0558,0
2008-09,0.5,Wigan Athletic,0.0,0,0.0004,0,0.05465,0
2008-09,0.5,Newcastle United,0.0,0,0.00025,0,0.07805,1
2008-09,0.5,Manchester City,0.0,0,0.00025,0,0.0767,0
2008-09,0.5,West Ham United,0.0,0,0.00015,0,0.1094,0
2008-09,0.5,Portsmouth,0.0,0,0.00025,0,0.1092,0
2008-09,0.5,Middlesbrough,0.0,0,0.0,0,0.2267,1
2008-09,0.5,Blackburn Rovers,0.0,0,0.0,0,0.2487,0
2008-09,0.5,Sunderland,0.0,0,0.0,0,0.4067,0
2008-09,0.5,Stoke City,0.0,0,0.0,0,0.585,0
2008-09,0.5,West Bromwich Albion,0.0,0,0.0,0,0.93415,1
2008-09,0.75,Manchester United,0.9601,1,1.0,1,0.0,0
2008-09,0.75,Chelsea,0.0279,0,0.99825,1,0.0,0
2008-09,0.75,Liverpool,0.01195,0,0.98925,1,0.0,0
2008-09,0.75,Arsenal,5e-05,0,0.5628,1,0.0,0
2008-09,0.75,Aston Villa,0.0,0,0.4048,0,0.0,0
2008-09,0.75,Everton,0.0,0,0.04485,0,0.0,0
2008-09,0.75,West Ham United,0.0,0,5e-05,0,0.0001,0
2008-09,0.75,Manchester City,0.0,0,0.0,0,0.0047,0
2008-09,0.75,Wigan Athletic,0.0,0,0.0,0,0.00935,0
2008-09,0.75,Bolton Wanderers,0.0,0,0.0,0,0.01835,0
2008-09,0.75,Tottenham Hotspur,0.0,0,0.0,0,0.0343,0
2008-09,0.75,Fulham,0.0,0,0.0,0,0.0406,0
2008-09,0.75,Blackburn Rovers,0.0,0,0.0,0,0.0991,0
2008-09,0.75,Hull City,0.0,0,0.0,0,0.1655,0
2008-09,0.75,Sunderland,0.0,0,0.0,0,0.1696,0
2008-09,0.75,Portsmouth,0.0,0,0.0,0,0.21425,0
2008-09,0.75,Stoke City,0.0,0,0.0,0,0.34305,0
2008-09,0.75,Newcastle United,0.0,0,0.0,0,0.3414,1
2008-09,0.75,Middlesbrough,0.0,0,0.0,0,0.58555,1
2008-09,0.75,West Bromwich Albion,0.0,0,0.0,0,0.97415,1
2009-10,0.25,Manchester United,0.4232,0,0.9903,1,0.0,0
2009-10,0.25,Chelsea,0.32885,1,0.988,1,0.0,0
2009-10,0.25,Arsenal,0.2181,0,0.96635,1,0.0,0
2009-10,0.25,Liverpool,0.02885,0,0.78915,0,0.0,0
2009-10,0.25,Tottenham Hotspur,0.00045,0,0.0907,1,5e-05,0
2009-10,0.25,Aston Villa,0.0003,0,0.07855,0,0.0001,0
2009-10,0.25,Manchester City,0.00025,0,0.07495,0,0.0002,0
2009-10,0.25,Everton,0.0,0,0.01645,0,0.002,0
2009-10,0.25,Stoke City,0.0,0,0.0011,0,0.02425,0
2009-10,0.25,Fulham,0.0,0,0.0016,0,0.0286,0
2009-10,0.25,Blackburn Rovers,0.0,0,0.0011,0,0.04985,0
2009-10,0.25,Bolton Wanderers,0.0,0,0.0006,0,0.055,0
2009-10,0.25,Wigan Athletic,0.0,0,0.0005,0,0.0581,0
2009-10,0.25,Sunderland,0.0,0,0.0004,0,0.06395,0
2009-10,0.25,West Ham United,0.0,0,0.0001,0,0.1255,0
2009-10,0.25,Birmingham City,0.0,0,0.00015,0,0.1366,0
2009-10,0.25,Portsmouth,0.0,0,0.0,0,0.3992,1
2009-10,0.25,Burnley,0.0,0,0.0,0,0.49475,1
2009-10,0.25,Hull City,0.0,0,0.0,0,0.75285,1
2009-10,0.25,Wolverhampton Wanderers,0.0,0,0.0,0,0.809,0
2009-10,0.5,Chelsea,0.4749,1,0.9974,1,0.0,0
2009-10,0.5,Manchester United,0.31295,0,0.99395,1,0.0,0
2009-10,0.5,Arsenal,0.2098,0,0.98275,1,0.0,0
2009-10,0.5,Liverpool,0.0012,0,0.48365,0,0.0,0
2009-10,0.5,Aston Villa,0.0007,0,0.2405,0,0.0,0
2009-10,0.5,Tottenham Hotspur,0.00045,0,0.21925,1,0.0,0
2009-10,0.5,Manchester City,0.0,0,0.0741,0,0.0,0
2009-10,0.5,Fulham,0.0,0,0.00465,0,0.0008,0
2009-10,0.5,Birmingham City,0.0,0,0.00305,0,0.0011,0
2009-10,0.5,Everton,0.0,0,0.00065,0,0.01265,0
2009-10,0.5,Blackburn Rovers,0.0,0,0.0,0,0.06985,0
2009-10,0.5,Stoke City,0.0,0,0.0,0,0.0802,0
2009-10,0.5,Bolton Wanderers,0.0,0,5e-05,0,0.12775,0
2009-10,0.5,West Ham United,0.0,0,0.0,0,0.1427,0
2009-10,0.5,Sunderland,0.0,0,0.0,0,0.145,0
2009-10,0.5,Wigan Athletic,0.0,0,0.0,0,0.20855,0
2009-10,0.5,Portsmouth,0.0,0,0.0,0,0.40845,1
2009-10,0.5,Burnley,0.0,0,0.0,0,0.4772,1
2009-10,0.5,Wolverhampton Wanderers,0.0,0,0.0,0,0.5793,0
2009-10,0.5,Hull City,0.0,0,0.0,0,0.74645,1
2009-10,0.75,Manchester United,0.4612,0,0.99995,1,0.0,0
2009-10,0.75,Chelsea,0.3179,1,0.9996,1,0.0,0
2009-10,0.75,Arsenal,0.22085,0,0.99935,1,0.0,0
2009-10,0.75,Liverpool,0.0,0,0.3392,0,0.0,0
2009-10,0.75,Manchester City,5e-05,0,0.2394,0,0.0,0
2009-10,0.75,Aston Villa,0.0,0,0.22805,0,0.0,0
2009-10,0.75,Tottenham Hotspur,0.0,0,0.18625,1,0.0,0
2009-10,0.75,Everton,0.0,0,0.0053,0,0.0,0
2009-10,0.75,Birmingham City,0.0,0,0.0029,0,0.0,0
2009-10,0.75,Fulham,0.0,0,0.0,0,0.0,0
2009-10,0.75,Stoke City,0.0,0,0.0,0,0.00025,0
2009-10,0.75,Blackburn Rovers,0.0,0,0.0,0,0.0012,0
2009-10,0.75,Sunderland,0.0,0,0.0,0,0.02915,0
2009-10,0.75,West Ham United,0.0,0,0.0,0,0.0705,0
2009-10,0.75,Bolton Wanderers,0.0,0,0.0,0,0.07545,0
2009-10,0.75,Wigan Athletic,0.0,0,0.0,0,0.11455,0
2009-10,0.75,Hull City,0.0,0,0.0,0,0.57065,1
2009-10,0.75,Burnley,0.0,0,0.0,0,0.6374,1
2009-10,0.75,Wolverhampton Wanderers,0.0,0,0.0,0,0.6963,0
2009-10,0.75,Portsmouth,0.0,0,0.0,0,0.80455,1
2010-11,0.25,Chelsea,0.6965,0,0.9991,1,0.0,0
2010-11,0.25,Manchester United,0.20895,1,0.98805,1,0.0,0
2010-11,0.25,Arsenal,0.0917,0,0.96,1,0.0,0
2010-11,0.25,Liverpool,0.00165,0,0.46705,0,5e-05,0
2010-11,0.25,Manchester City,0.001,0,0.29055,1,0.0002,0
2010-11,0.25,Tottenham Hotspur,0.0,0,0.1246,0,0.0019,0
2010-11,0.25,Everton,0.00015,0,0.09125,0,0.00445,0
2010-11,0.25,Aston Villa,5e-05,0,0.0459,0,0.00745,0
2010-11,0.25,Newcastle United,0.0,0,0.0089,0,0.05845,0
2010-11,0.25,Blackpool,0.0,0,0.00725,0,0.0702,1
2010-11,0.25,Blackburn Rovers,0.0,0,0.00495,0,0.0868,0
2010-11,0.25,Bolton Wanderers,0.0,0,0.00435,0,0.0832,0
2010-11,0.25,Fulham,0.0,0,0.0022,0,0.12415,0
2010-11,0.25,West Bromwich Albion,0.0,0,0.00275,0,0.1269,0
2010-11,0.25,Sunderland,0.0,0,0.00145,0,0.16,0
2010-11,0.25,Birmingham City,0.0,0,0.001,0,0.19195,1
2010-11,0.25,Stoke City,0.0,0,0.0005,0,0.2412,0
2010-11,0.25,West Ham United,0.0,0,0.0001,0,0.40785,1
2010-11,0.25,Wigan Athletic,0.0,0,5e-05,0,0.6323,0
2010-11,0.25,Wolverhampton Wanderers,0.0,0,0.0,0,0.80295,0
2010-11,0.5,Manchester United,0.60775,1,0.9963,1,0.0,0
2010-11,0.5,Chelsea,0.19715,0,0.9796,1,0.0,0
2010-11,0.5,Arsenal,0.18785,0,0.9751,1,0.0,0
2010-11,0.5,Manchester City,0.0057,0,0.61305,1,0.0,0
2010-11,0.5,Tottenham Hotspur,0.00135,0,0.25465,0,0.0,0
2010-11,0.5,Liverpool,0.0002,0,0.13385,0,0.0,0
2010-11,0.5,Blackpool,0.0,0,0.03,0,0.00335,1
2010-11,0.5,Everton,0.0,0,0.0081,0,0.01,0
2010-11,0.5,Bolton Wanderers,0.0,0,0.0052,0,0.00785,0
2010-11,0.5,Blackburn Rovers,0.0,0,0.0009,0,0.0362,0
2010-11,0.5,Sunderland,0.0,0,0.00115,0,0.03485,0
2010-11,0.5,Aston Villa,0.0,0,0.00065,0,0.0592,0
2010-11,0.5,Newcastle United,0.0,0,0.0008,0,0.06935,0
2010-11,0.5,Stoke City,0.0,0,0.00035,0,0.094,0
2010-11,0.5,Birmingham City,0.0,0,0.0001,0,0.1818,1
2010-11,0.5,Fulham,0.0,0,0.0001,0,0.25995,0
2010-11,0.5,West Bromwich Albion,0.0,0,0.0001,0,0.31675,0
2010-11,0.5,West Ham United,0.0,0,0.0,0,0.59285,1
2010-11,0.5,Wigan Athletic,0.0,0,0.0,0,0.5994,0
2010-11,0.5,Wolverhampton Wanderers,0.0,0,0.0,0,0.73445,0
2010-11,0.75,Manchester United,0.75755,1,0.9999,1,0.0,0
2010-11,0.75,Arsenal,0.20405,0,0.9963,1,0.0,0
2010-11,0.75,Chelsea,0.0378,0,0.9715,1,0.0,0
2010-11,0.75,Manchester City,0.0003,0,0.64755,1,0.0,0
2010-11,0.75,Tottenham Hotspur,0.0003,0,0.37105,0,0.0,0
2010-11,0.75,Liverpool,0.0,0,0.0131,0,5e-05,0
2010-11,0.75,Everton,0.0,0,0.00055,0,0.00135,0
2010-11,0.75,Bolton Wanderers,0.0,0,0.0,0,0.00065,0
2010-11,0.75,Sunderland,0.0,0,5e-05,0,0.00205,0
2010-11,0.75,Newcastle United,0.0,0,0.0,0,0.0141,0
2010-11,0.75,Aston Villa,0.0,0,0.0,0,0.0294,0
2010-11,0.75,Fulham,0.0,0,0.0,0,0.0295,0
2010-11,0.75,Stoke City,0.0,0,0.0,0,0.0845,0
2010-11,0.75,Blackburn Rovers,0.0,0,0.0,0,0.14945,0
2010-11,0.75,Blackpool,0.0,0,0.0,0,0.16675,1
2010-11,0.75,Birmingham City,0.0,0,0.0,0,0.26025,1
2010-11,0.75,West Ham United,0.0,0,0.0,0,0.3716,1
2010-11,0.75,West Bromwich Albion,0.0,0,0.0,0,0.5005,0
2010-11,0.75,Wolverhampton Wanderers,0.0,0,0.0,0,0.5193,0
2010-11,0.75,Wigan Athletic,0.0,0,0.0,0,0.87055,0
2011-12,0.25,Manchester United,0.58505,0,0.98955,1,0.0,0
2011-12,0.25,Chelsea,0.2815,0,0.9554,0,0.0,0
2011-12,0.25,Manchester City,0.1015,1,0.8272,1,0.0,0
2011-12,0.25,Liverpool,0.01615,0,0.49285,0,0.0,0
2011-12,0.25,Arsenal,0.01245,0,0.4615,1,0.0,0
2011-12,0.25,Tottenham Hotspur,0.00305,0,0.208,1,0.00015,0
2011-12,0.25,Newcastle United,0.00015,0,0.02805,0,0.00095,0
2011-12,0.25,Everton,0.00015,0,0.0309,0,0.00225,0
2011-12,0.25,Aston Villa,0.0,0,0.00335,0,0.0172,0
2011-12,0.25,Stoke City,0.0,0,0.0018,0,0.02545,0
2011-12,0.25,Norwich City,0.0,0,0.0009,0,0.04675,0
2011-12,0.25,Fulham,0.0,0,0.0001,0,0.1102,0
2011-12,0.25,Sunderland,0.0,0,0.00015,0,0.1307,0
2011-12,0.25,West Bromwich Albion,0.0,0,5e-05,0,0.1319,0
2011-12,0.25,Bolton Wanderers,0.0,0,0.0001,0,0.20885,1
2011-12,0.25,Blackburn Rovers,0.0,0,5e-05,0,0.2595,1
2011-12,0.25,Swansea City,0.0,0,5e-05,0,0.28475,0
2011-12,0.25,Wolverhampton Wanderers,0.0,0,0.0,0,0.51375,1
2011-12,0.25,Queens Park Rangers,0.0,0,0.0,0,0.58795,0
2011-12,0.25,Wigan Athletic,0.0,0,0.0,0,0.67965,0
2011-12,0.5,Manchester United,0.79785,0,0.9956,1,0.0,0
2011-12,0.5,Manchester City,0.14455,1,0.91045,1,0.0,0
2011-12,0.5,Chelsea,0.0211,0,0.6765,0,0.0,0
2011-12,0.5,Arsenal,0.01775,0,0.59005,1,0.0,0
2011-12,0.5,Tottenham Hotspur,0.0134,0,0.48905,1,0.0,0
2011-12,0.5,Liverpool,0.00535,0,0.33325,0,0.0,0
2011-12,0.5,Newcastle United,0.0,0,0.00325,0,0.0001,0
2011-12,0.5,Everton,0.0,0,0.00175,0,0.0004,0
2011-12,0.5,Aston Villa,0.0,0,0.0001,0,0.0044,0
2011-12,0.5,Stoke City,0.0,0,0.0,0,0.00975,0
2011-12,0.5,Fulham,0.0,0,0.0,0,0.03555,0
2011-12,0.5,Norwich City,0.0,0,0.0,0,0.07105,0
2011-12,0.5,Sunderland,0.0,0,0.0,0,0.08495,0
2011-12,0.5,Swansea City,0.0,0,0.0,0,0.09155,0
2011-12,0.5,West Bromwich Albion,0.0,0,0.0,0,0.09655,0
2011-12,0.5,Blackburn Rovers,0.0,0,0.0,0,0.34145,1
2011-12,0.5,Wolverhampton Wanderers,0.0,0,0.0,0,0.4521,1
2011-12,0.5,Queens Park Rangers,0.0,0,0.0,0,0.55365,0
2011-12,0.5,Bolton Wanderers,0.0,0,0.0,0,0.579,1
2011-12,0.5,Wigan Athletic,0.0,0,0.0,0,0.6795,0
2011-12,0.75,Manchester United,0.88475,0,1.0,1,0.0,0
2011-12,0.75,Manchester City,0.11525,1,0.99975,1,0.0,0
2011-12,0.75,Arsenal,0.0,0,0.83125,1,0.0,0
2011-12,0.75,Tottenham Hotspur,0.0,0,0.6039,1,0.0,0
2011-12,0.75,Chelsea,0.0,0,0.53935,0,0.0,0
2011-12,0.75,Liverpool,0.0,0,0.02235,0,0.0,0
2011-12,0.75,Newcastle United,0.0,0,0.00335,0,0.0,0
2011-12,0.75,Swansea City,0.0,0,5e-05,0,0.0,0
2011-12,0.75,Everton,0.0,0,0.0,0,0.0,0
2011-12,0.75,Sunderland,0.0,0,0.0,0,0.0,0
2011-12,0.75,Stoke City,0.0,0,0.0,0,5e-05,0
2011-12,0.75,Fulham,0.0,0,0.0,0,0.0,0
2011-12,0.75,West Bromwich Albion,0.0,0,0.0,0,5e-05,0
2011-12,0.75,Norwich City,0.0,0,0.0,0,5e-05,0
2011-12,0.75,Aston Villa,0.0,0,0.0,0,0.00055,0
2011-12,0.75,Blackburn Rovers,0.0,0,0.0,0,0.0984,1
2011-12,0.75,Bolton Wanderers,0.0,0,0.0,0,0.25785,1
2011-12,0.75,Wolverhampton Wanderers,0.0,0,0.0,0,0.85735,1
2011-12,0.75,Queens Park Rangers,0.0,0,0.0,0,0.87535,0
2011-12,0.75,Wigan Athletic,0.0,0,0.0,0,0.91035,0
2012-13,0.25,Manchester United,0.64245,1,0.996,1,0.0,0
2012-13,0.25,Chelsea,0.28025,0,0.9753,1,0.0,0
2012-13,0.25,Manchester City,0.0473,0,0.79725,1,0.0,0
2012-13,0.25,Arsenal,0.02695,0,0.7208,1,0.0,0
2012-13,0.25,Tottenham Hotspur,0.00155,0,0.20135,0,0.00015,0
2012-13,0.25,Liverpool,0.00095,0,0.1355,0,0.0002,0
2012-13,0.25,Everton,0.00055,0,0.1433,0,5e-05,0
2012-13,0.25,Fulham,0.0,0,0.01315,0,0.00775,0
2012-13,0.25,Newcastle United,0.0,0,0.0116,0,0.0099,0
2012-13,0.25,West Bromwich Albion,0.0,0,0.00265,0,0.0398,0
2012-13,0.25,Swansea City,0.0,0,0.0011,0,0.056,0
2012-13,0.25,West Ham United,0.0,0,0.0005,0,0.07895,0
2012-13,0.25,Stoke City,0.0,0,0.00075,0,0.08955,0
2012-13,0.25,Sunderland,0.0,0,0.0004,0,0.09825,0
2012-13,0.25,Aston Villa,0.0,0,0.0002,0,0.16025,0
2012-13,0.25,Norwich City,0.0,0,5e-05,0,0.35505,0
2012-13,0.25,Reading,0.0,0,5e-05,0,0.3692,1
2012-13,0.25,Wigan Athletic,0.0,0,5e-05,0,0.42945,1
2012-13,0.25,Southampton,0.0,0,0.0,0,0.58305,0
2012-13,0.25,Queens Park Rangers,0.0,0,0.0,0,0.7224,1
2012-13,0.5,Manchester United,0.906,1,0.9999,1,0.0,0
2012-13,0.5,Chelsea,0.05815,0,0.9512,1,0.0,0
2012-13,0.5,Manchester City,0.0309,0,0.9055,1,0.0,0
2012-13,0.5,Arsenal,0.0045,0,0.6909,1,0.0,0
2012-13,0.5,Tottenham Hotspur,0.00035,0,0.23075,0,0.0,0
2012-13,0.5,Everton,0.0001,0,0.1539,0,0.0,0
2012-13,0.5,Liverpool,0.0,0,0.0466,0,5e-05,0
2012-13,0.5,West Bromwich Albion,0.0,0,0.01305,0,0.0001,0
2012-13,0.5,Stoke City,0.0,0,0.00435,0,0.0004,0
2012-13,0.5,Swansea City,0.0,0,0.0029,0,0.0024,0
2012-13,0.5,Norwich City,0.0,0,0.0005,0,0.0113,0
2012-13,0.5,West Ham United,0.0,0,0.00015,0,0.01935,0
2012-13,0.5,Fulham,0.0,0,0.00015,0,0.02525,0
2012-13,0.5,Newcastle United,0.0,0,5e-05,0,0.035,0
2012-13,0.5,Sunderland,0.0,0,0.0001,0,0.03245,0
2012-13,0.5,Aston Villa,0.0,0,0.0,0,0.1003,0
2012-13,0.5,Southampton,0.0,0,0.0,0,0.4071,0
2012-13,0.5,Wigan Athletic,0.0,0,0.0,0,0.6174,1
2012-13,0.5,Reading,0.0,0,0.0,0,0.8349,1
2012-13,0.5,Queens Park Rangers,0.0,0,0.0,0,0.914,1
2012-13,0.75,Manchester United,0.9947,1,1.0,1,0.0,0
2012-13,0.75,Manchester City,0.00525,0,0.9934,1,0.0,0
2012-13,0.75,Chelsea,5e-05,0,0.8437,1,0.0,0
2012-13,0.75,Tottenham Hotspur,0.0,0,0.6973,0,0.0,0
2012-13,0.75,Arsenal,0.0,0,0.40315,1,0.0,0
2012-13,0.75,Liverpool,0.0,0,0.04085,0,0.0,0
2012-13,0.75,Everton,0.0,0,0.0214,0,0.0,0
2012-13,0.75,West Bromwich Albion,0.0,0,0.0002,0,0.0,0
2012-13,0.75,Swansea City,0.0,0,0.0,0,0.0,0
2012-13,0.75,Fulham,0.0,0,0.0,0,0.0053,0
2012-13,0.75,Stoke City,0.0,0,0.0,0,0.006,0
2012-13,0.75,Newcastle United,0.0,0,0.0,0,0.0248,0
2012-13,0.75,West Ham United,0.0,0,0.0,0,0.0171,0
2012-13,0.75,Norwich City,0.0,0,0.0,0,0.0211,0
2012-13,0.75,Sunderland,0.0,0,0.0,0,0.08515,0
2012-13,0.75,Southampton,0.0,0,0.0,0,0.14675,0
2012-13,0.75,Aston Villa,0.0,0,0.0,0,0.27415,0
2012-13,0.75,Wigan Athletic,0.0,0,0.0,0,0.67005,1
2012-13,0.75,Queens Park Rangers,0.0,0,0.0,0,0.8521,1
2012-13,0.75,Reading,0.0,0,0.0,0,0.8975,1
2013-14,0.25,Chelsea,0.40195,0,0.91145,1,0.0,0
2013-14,0.25,Arsenal,0.25695,0,0.83945,1,0.0,0
2013-14,0.25,Manchester United,0.1819,0,0.79345,0,0.0,0
2013-14,0.25,Liverpool,0.0799,0,0.56995,1,0.0,0
2013-14,0.25,Manchester City,0.06045,1,0.5189,1,0.0,0
2013-14,0.25,Tottenham Hotspur,0.01215,0,0.20195,0,5e-05,0
2013-14,0.25,Everton,0.0064,0,0.1449,0,0.0,0
2013-14,0.25,Southampton,0.0003,0,0.016,0,0.00215,0
2013-14,0.25,Swansea City,0.0,0,0.0013,0,0.02145,0
2013-14,0.25,Aston Villa,0.0,0,0.0013,0,0.03685,0
2013-14,0.25,Newcastle United,0.0,0,0.00035,0,0.04955,0
2013-14,0.25,West Bromwich Albion,0.0,0,0.00035,0,0.0577,0
2013-14,0.25,Fulham,0.0,0,0.00045,0,0.05685,1
2013-14,0.25,West Ham United,0.0,0,0.0002,0,0.13165,0
2013-14,0.25,Stoke City,0.0,0,0.0,0,0.17505,0
2013-14,0.25,Norwich City,0.0,0,0.0,0,0.28035,1
2013-14,0.25,Cardiff City,0.0,0,0.0,0,0.29745,1
2013-14,0.25,Hull City,0.0,0,0.0,0,0.41065,0
2013-14,0.25,Sunderland,0.0,0,0.0,0,0.50165,0
2013-14,0.25,Crystal Palace,0.0,0,0.0,0,0.9786,0
2013-14,0.5,Arsenal,0.3576,0,0.90765,1,0.0,0
2013-14,0.5,Chelsea,0.2565,0,0.86055,1,0.0,0
2013-14,0.5,Manchester City,0.2549,1,0.8588,1,0.0,0
2013-14,0.5,Manchester United,0.0777,0,0.6523,0,0.0,0
2013-14,0.5,Liverpool,0.04505,0,0.4767,1,0.0,0
2013-14,0.5,Everton,0.0068,0,0.1733,0,0.0,0
2013-14,0.5,Tottenham Hotspur,0.0014,0,0.0638,0,0.0,0
2013-14,0.5,Newcastle United,5e-05,0,0.0061,0,0.0,0
2013-14,0.5,Southampton,0.0,0,0.00075,0,0.00055,0
2013-14,0.5,Swansea City,0.0,0,0.0,0,0.0169,0
2013-14,0.5,Aston Villa,0.0,0,0.0,0,0.0528,0
2013-14,0.5,Hull City,0.0,0,0.0,0,0.0608,0
2013-14,0.5,Stoke City,0.0,0,5e-05,0,0.0765,0
2013-14,0.5,West Bromwich Albion,0.0,0,0.0,0,0.11035,0
2013-14,0.5,Fulham,0.0,0,0.0,0,0.2349,1
2013-14,0.5,Norwich City,0.0,0,0.0,0,0.23375,1
2013-14,0.5,West Ham United,0.0,0,0.0,0,0.37415,0
2013-14,0.5,Sunderland,0.0,0,0.0,0,0.4642,0
2013-14,0.5,Cardiff City,0.0,0,0.0,0,0.62705,1
2013-14,0.5,Crystal Palace,0.0,0,0.0,0,0.74805,0
2013-14,0.75,Chelsea,0.6963,0,0.99935,1,0.0,0
2013-14,0.75,Manchester City,0.17175,1,0.9677,1,0.0,0
2013-14,0.75,Liverpool,0.0711,0,0.9276,1,0.0,0
2013-14,0.75,Arsenal,0.06065,0,0.922,1,0.0,0
2013-14,0.75,Manchester United,5e-05,0,0.099,0,0.0,0
2013-14,0.75,Tottenham Hotspur,0.00015,0,0.05325,0,0.0,0
2013-14,0.75,Everton,0.0,0,0.03105,0,0.0,0
2013-14,0.75,Newcastle United,0.0,0,5e-05,0,0.0,0
2013-14,0.75,Southampton,0.0,0,0.0,0,0.0,0
2013-14,0.75,Aston Villa,0.0,0,0.0,0,0.0118,0
2013-14,0.75,Swansea City,0.0,0,0.0,0,0.0246,0
2013-14,0.75,Stoke City,0.0,0,0.0,0,0.0164,0
2013-14,0.75,West Ham United,0.0,0,0.0,0,0.02075,0
2013-14,0.75,Hull City,0.0,0,0.0,0,0.06635,0
2013-14,0.75,West Bromwich Albion,0.0,0,0.0,0,0.2222,0
2013-14,0.75,Sunderland,0.0,0,0.0,0,0.2676,0
2013-14,0.75,Norwich City,0.0,0,0.0,0,0.2981,1
2013-14,0.75,Crystal Palace,0.0,0,0.0,0,0.44575,0
2013-14,0.75,Fulham,0.0,0,0.0,0,0.78105,1
2013-14,0.75,Cardiff City,0.0,0,0.0,0,0.8454,1
2014-15,0.25,Chelsea,0.7443,1,0.99235,1,0.0,0
2014-15,0.25,Manchester City,0.1646,0,0.90475,1,0.0,0
2014-15,0.25,Manchester United,0.0355,0,0.63,1,0.0,0
2014-15,0.25,Arsenal,0.03255,0,0.6205,1,0.0,0
2014-15,0.25,Liverpool,0.0188,0,0.47985,0,0.0,0
2014-15,0.25,Southampton,0.0029,0,0.1838,0,0.0002,0
2014-15,0.25,Everton,0.001,0,0.11535,0,0.0003,0
2014-15,0.25,Tottenham Hotspur,0.0003,0,0.0469,0,0.0025,0
2014-15,0.25,Swansea City,0.0,0,0.01505,0,0.0079,0
2014-15,0.25,West Ham United,5e-05,0,0.00935,0,0.01225,0
2014-15,0.25,Stoke City,0.0,0,0.00065,0,0.0955,0
2014-15,0.25,West Bromwich Albion,0.0,0,0.00045,0,0.10645,0
2014-15,0.25,Aston Villa,0.0,0,0.0003,0,0.1081,0
2014-15,0.25,Newcastle United,0.0,0,0.00025,0,0.10475,0
2014-15,0.25,Leicester City,0.0,0,0.0002,0,0.13695,0
2014-15,0.25,Hull City,0.0,0,0.0001,0,0.16655,1
2014-15,0.25,Crystal Palace,0.0,0,0.0001,0,0.2018,0
2014-15,0.25,Sunderland,0.0,0,5e-05,0,0.32375,0
2014-15,0.25,Queens Park Rangers,0.0,0,0.0,0,0.75135,1
2014-15,0.25,Burnley,0.0,0,0.0,0,0.98165,1
2014-15,0.5,Chelsea,0.6914,1,0.99945,1,0.0,0
2014-15,0.5,Manchester City,0.2759,0,0.99655,1,0.0,0
2014-15,0.5,Manchester United,0.0286,0,0.9165,1,0.0,0
2014-15,0.5,Arsenal,0.0039,0,0.6823,1,0.0,0
2014-15,0.5,Liverpool,5e-05,0,0.15555,0,0.0,0
2014-15,0.5,Southampton,0.00015,0,0.14405,0,0.0,0
2014-15,0.5,Tottenham Hotspur,0.0,0,0.08355,0,0.0,0
2014-15,0.5,West Ham United,0.0,0,0.0094,0,5e-05,0
2014-15,0.5,Swansea City,0.0,0,0.0083,0,0.0004,0
2014-15,0.5,Everton,0.0,0,0.00285,0,0.00125,0
2014-15,0.5,Newcastle United,0.0,0,0.00065,0,0.00355,0
2014-15,0.5,Stoke City,0.0,0,0.00085,0,0.0046,0
2014-15,0.5,Aston Villa,0.0,0,0.0,0,0.0537,0
2014-15,0.5,Sunderland,0.0,0,0.0,0,0.105,0
2014-15,0.5,West Bromwich Albion,0.0,0,0.0,0,0.22015,0
2014-15,0.5,Crystal Palace,0.0,0,0.0,0,0.30045,0
2014-15,0.5,Hull City,0.0,0,0.0,0,0.38595,1
2014-15,0.5,Queens Park Rangers,0.0,0,0.0,0,0.42175,1
2014-15,0.5,Leicester City,0.0,0,0.0,0,0.74655,0
2014-15,0.5,Burnley,0.0,0,0.0,0,0.7566,1
2014-15,0.75,Chelsea,0.9424,1,0.99985,1,0.0,0
2014-15,0.75,Manchester City,0.0396,0,0.9662,1,0.0,0
2014-15,0.75,Arsenal,0.01415,0,0.88865,1,0.0,0
2014-15,0.75,Manchester United,0.0034,0,0.67,1,0.0,0
2014-15,0.75,Liverpool,0.00045,0,0.3143,0,0.0,0
2014-15,0.75,Tottenham Hotspur,0.0,0,0.1005,0,0.0,0
2014-15,0.75,Southampton,0.0,0,0.0605,0,0.0,0
2014-15,0.75,Stoke City,0.0,0,0.0,0,0.0,0
2014-15,0.75,Swansea City,0.0,0,0.0,0,0.0,0
2014-15,0.75,West Ham United,0.0,0,0.0,0,0.0,0
2014-15,0.75,Newcastle United,0.0,0,0.0,0,0.0001,0
2014-15,0.75,Everton,0.0,0,0.0,0,0.00335,0
2014-15,0.75,Crystal Palace,0.0,0,0.0,0,0.0031,0
2014-15,0.75,West Bromwich Albion,0.0,0,0.0,0,0.0078,0
2014-15,0.75,Aston Villa,0.0,0,0.0,0,0.1166,0
2014-15,0.75,Hull City,0.0,0,0.0,0,0.2314,1
2014-15,0.75,Sunderland,0.0,0,0.0,0,0.33435,0
2014-15,0.75,Burnley,0.0,0,0.0,0,0.59515,1
2014-15,0.75,Leicester City,0.0,0,0.0,0,0.82385,0
2014-15,0.75,Queens Park Rangers,0.0,0,0.0,0,0.8843,1
2015-16,0.25,Manchester City,0.4527,0,0.96365,1,0.0,0
2015-16,0.25,Manchester United,0.2797,0,0.9319,0,0.0,0
2015-16,0.25,Arsenal,0.2205,0,0.9049,1,0.0,0
2015-16,0.25,Chelsea,0.0332,0,0.59385,0,0.0,0
2015-16,0.25,Liverpool,0.0097,0,0.27515,0,0.0001,0
2015-16,0.25,Tottenham Hotspur,0.00195,0,0.12445,1,0.00025,0
2015-16,0.25,Everton,0.00145,0,0.09745,0,0.0004,0
2015-16,0.25,Southampton,0.00055,0,0.05275,0,0.0009,0
2015-16,0.25,West Ham United,0.00015,0,0.02005,0,0.00345,0
2015-16,0.25,Leicester City,5e-05,1,0.0179,1,0.0051,0
2015-16,0.25,Crystal Palace,5e-05,0,0.01165,0,0.00615,0
2015-16,0.25,Swansea City,0.0,0,0.0032,0,0.02585,0
2015-16,0.25,Stoke City,0.0,0,0.0026,0,0.02945,0
2015-16,0.25,West Bromwich Albion,0.0,0,0.0004,0,0.0978,0
2015-16,0.25,Newcastle United,0.0,0,5e-05,0,0.255,1
2015-16,0.25,Watford,0.0,0,5e-05,0,0.37575,0
2015-16,0.25,Norwich City,0.0,0,0.0,0,0.4612,1
2015-16,0.25,Aston Villa,0.0,0,0.0,0,0.46345,1
2015-16,0.25,AFC Bournemouth,0.0,0,0.0,0,0.5931,0
2015-16,0.25,Sunderland,0.0,0,0.0,0,0.68205,0
2015-16,0.5,Arsenal,0.485,0,0.95615,1,0.0,0
2015-16,0.5,Manchester City,0.35935,0,0.9282,1,0.0,0
2015-16,0.5,Leicester City,0.05755,1,0.60285,1,0.0,0
2015-16,0.5,Manchester United,0.04945,0,0.5944,0,0.0,0
2015-16,0.5,Tottenham Hotspur,0.03445,0,0.45895,1,0.0,0
2015-16,0.5,Liverpool,0.01165,0,0.2737,0,0.0,0
2015-16,0.5,Watford,0.00065,0,0.0423,0,5e-05,0
2015-16,0.5,Chelsea,0.0004,0,0.0366,0,0.0003,0
2015-16,0.5,Crystal Palace,0.00085,0,0.0412,0,0.00015,0
2015-16,0.5,Everton,0.0003,0,0.0306,0,0.0006,0
2015-16,0.5,Stoke City,0.00015,0,0.01255,0,0.00115,0
2015-16,0.5,West Ham United,5e-05,0,0.01195,0,0.00145,0
2015-16,0.5,Southampton,0.00015,0,0.01055,0,0.00275,0
2015-16,0.5,West Bromwich Albion,0.0,0,0.0,0,0.06775,0
2015-16,0.5,Swansea City,0.0,0,0.0,0,0.1172,0
2015-16,0.5,AFC Bournemouth,0.0,0,0.0,0,0.239,0
2015-16,0.5,Norwich City,0.0,0,0.0,0,0.33495,1
2015-16,0.5,Newcastle United,0.0,0,0.0,0,0.45555,1
2015-16,0.5,Sunderland,0.0,0,0.0,0,0.8397,0
2015-16,0.5,Aston Villa,0.0,0,0.0,0,0.9394,1
2015-16,0.75,Leicester City,0.4015,1,0.9339,1,0.0,0
2015-16,0.75,Arsenal,0.2142,0,0.8554,1,0.0,0
2015-16,0.75,Tottenham Hotspur,0.20875,0,0.8358,1,0.0,0
2015-16,0.75,Manchester City,0.12425,0,0.73585,1,0.0,0
2015-16,0.75,Manchester United,0.04995,0,0.5202,0,0.0,0
2015-16,0.75,Liverpool,0.001,0,0.0649,0,0.0,0
2015-16,0.75,Chelsea,5e-05,0,0.0222,0,0.0,0
2015-16,0.75,West Ham United,0.00025,0,0.0204,0,0.0,0
2015-16,0.75,Southampton,5e-05,0,0.0046,0,0.0,0
2015-16,0.75,Everton,0.0,0,0.00575,0,0.0,0
2015-16,0.75,Stoke City,0.0,0,0.0009,0,0.0,0
2015-16,0.75,Watford,0.0,0,0.0001,0,0.0001,0
2015-16,0.75,West Bromwich Albion,0.0,0,0.0,0,0.00205,0
2015-16,0.75,Crystal Palace,0.0,0,0.0,0,0.00905,0
2015-16,0.75,Swansea City,0.0,0,0.0,0,0.0333,0
2015-16,0.75,AFC Bournemouth,0.0,0,0.0,0,0.0425,0
2015-16,0.75,Newcastle United,0.0,0,0.0,0,0.46735,1
2015-16,0.75,Sunderland,0.0,0,0.0,0,0.6617,0
2015-16,0.75,Norwich City,0.0,0,0.0,0,0.78705,1
2015-16,0.75,Aston Villa,0.0,0,0.0,0,0.9969,1
2016-17,0.25,Manchester City,0.36815,0,0.87605,1,0.0,0
2016-17,0.25,Arsenal,0.2271,0,0.78435,0,0.0,0
2016-17,0.25,Chelsea,0.1988,1,0.76335,1,0.0,0
2016-17,0.25,Liverpool,0.112,0,0.6217,1,0.0,0
2016-17,0.25,Manchester United,0.05315,0,0.44885,0,5e-05,0
2016-17,0.25,Tottenham Hotspur,0.0344,0,0.33615,1,0.0,0
2016-17,0.25,Southampton,0.003,0,0.0799,0,0.00055,0
2016-17,0.25,Everton,0.0015,0,0.04635,0,0.0006,0
2016-17,0.25,Leicester City,0.00185,0,0.0406,0,0.0016,0
2016-17,0.25,Watford,0.0,0,0.0015,0,0.03375,0
2016-17,0.25,West Ham United,5e-05,0,0.0006,0,0.0686,0
2016-17,0.25,Crystal Palace,0.0,0,0.00015,0,0.08085,0
2016-17,0.25,AFC Bournemouth,0.0,0,0.0003,0,0.0959,0
2016-17,0.25,Stoke City,0.0,0,5e-05,0,0.14585,0
2016-17,0.25,West Bromwich Albion,0.0,0,0.0001,0,0.14795,0
2016-17,0.25,Swansea City,0.0,0,0.0,0,0.1889,0
2016-17,0.25,Middlesbrough,0.0,0,0.0,0,0.37055,1
2016-17,0.25,Burnley,0.0,0,0.0,0,0.5042,0
2016-17,0.25,Hull City,0.0,0,0.0,0,0.6684,1
2016-17,0.25,Sunderland,0.0,0,0.0,0,0.69225,1
2016-17,0.5,Chelsea,0.71795,1,0.98565,1,0.0,0
2016-17,0.5,Liverpool,0.10435,0,0.7873,1,0.0,0
2016-17,0.5,Manchester City,0.074,0,0.74755,1,0.0,0
2016-17,0.5,Arsenal,0.07485,0,0.73275,0,0.0,0
2016-17,0.5,Tottenham Hotspur,0.01855,0,0.4178,1,0.0,0
2016-17,0.5,Manchester United,0.0103,0,0.32775,0,0.0,0
2016-17,0.5,Everton,0.0,0,0.00095,0,5e-05,0
2016-17,0.5,Southampton,0.0,0,0.00025,0,0.00125,0
2016-17,0.5,West Bromwich Albion,0.0,0,0.0,0,0.0066,0
2016-17,0.5,Leicester City,0.0,0,0.0,0,0.0112,0
2016-17,0.5,West Ham United,0.0,0,0.0,0,0.0276,0
2016-17,0.5,AFC Bournemouth,0.0,0,0.0,0,0.02935,0
2016-17,0.5,Stoke City,0.0,0,0.0,0,0.06825,0
2016-17,0.5,Watford,0.0,0,0.0,0,0.08305,0
2016-17,0.5,Middlesbrough,0.0,0,0.0,0,0.17285,1
2016-17,0.5,Burnley,0.0,0,0.0,0,0.16315,0
2016-17,0.5,Crystal Palace,0.0,0,0.0,0,0.23525,0
2016-17,0.5,Sunderland,0.0,0,0.0,0,0.63245,1
2016-17,0.5,Swansea City,0.0,0,0.0,0,0.66715,0
2016-17,0.5,Hull City,0.0,0,0.0,0,0.9018,1
2016-17,0.75,Chelsea,0.97365,1,1.0,1,0.0,0
2016-17,0.75,Tottenham Hotspur,0.0158,0,0.8833,1,0.0,0
2016-17,0.75,Manchester City,0.009,0,0.81605,1,0.0,0
2016-17,0.75,Liverpool,0.0007,0,0.6381,1,0.0,0
2016-17,0.75,Manchester United,0.0006,0,0.3523,0,0.0,0
2016-17,0.75,Arsenal,0.00025,0,0.29945,0,0.0,0
2016-17,0.75,Everton,0.0,0,0.0108,0,0.0,0
2016-17,0.75,West Bromwich Albion,0.0,0,0.0,0,0.0,0
2016-17,0.75,Southampton,0.0,0,0.0,0,0.00025,0
2016-17,0.75,Stoke City,0.0,0,0.0,0,0.00065,0
2016-17,0.75,West Ham United,0.0,0,0.0,0,0.00735,0
2016-17,0.75,Leicester City,0.0,0,0.0,0,0.009,0
2016-17,0.75,AFC Bournemouth,0.0,0,0.0,0,0.0166,0
2016-17,0.75,Burnley,0.0,0,0.0,0,0.0268,0
2016-17,0.75,Watford,0.0,0,0.0,0,0.0435,0
2016-17,0.75,Crystal Palace,0.0,0,0.0,0,0.192,0
2016-17,0.75,Swansea City,0.0,0,0.0,0,0.21395,0
2016-17,0.75,Middlesbrough,0.0,0,0.0,0,0.78635,1
2016-17,0.75,Hull City,0.0,0,0.0,0,0.7947,1
2016-17,0.75,Sunderland,0.0,0,0.0,0,0.90885,1
2017-18,0.25,Manchester City,0.6893,1,0.9826,1,0.0,0
2017-18,0.25,Manchester United,0.1299,0,0.81495,1,0.0,0
2017-18,0.25,Chelsea,0.06485,0,0.7143,0,0.0,0
2017-18,0.25,Tottenham Hotspur,0.07235,0,0.70685,1,0.0,0
2017-18,0.25,Arsenal,0.03745,0,0.5473,0,0.0,0
2017-18,0.25,Liverpool,0.00605,0,0.21565,1,0.0,0
2017-18,0.25,Everton,0.0,0,0.00705,0,0.02395,0
2017-18,0.25,Southampton,5e-05,0,0.00345,0,0.02825,0
2017-18,0.25,Leicester City,5e-05,0,0.0035,0,0.03385,0
2017-18,0.25,Brighton & Hove Albion,0.0,0,0.00235,0,0.04265,0
2017-18,0.25,Watford,0.0,0,0.00075,0,0.07945,0
2017-18,0.25,Newcastle United,0.0,0,0.00025,0,0.12565,0
2017-18,0.25,Burnley,0.0,0,0.0002,0,0.16675,0
2017-18,0.25,West Ham United,0.0,0,0.00015,0,0.2593,0
2017-18,0.25,West Bromwich Albion,0.0,0,0.0001,0,0.2687,1
2017-18,0.25,Stoke City,0.0,0,0.0003,0,0.27545,1
2017-18,0.25,Huddersfield Town,0.0,0,0.0001,0,0.29725,0
2017-18,0.25,Swansea City,0.0,0,5e-05,0,0.3383,1
2017-18,0.25,AFC Bournemouth,0.0,0,0.0001,0,0.37815,0
2017-18,0.25,Crystal Palace,0.0,0,0.0,0,0.6823,0
2017-18,0.5,Manchester City,0.97105,1,0.9999,1,0.0,0
2017-18,0.5,Manchester United,0.0197,0,0.93125,1,0.0,0
2017-18,0.5,Chelsea,0.0081,0,0.8706,0,0.0,0
2017-18,0.5,Liverpool,0.00045,0,0.4511,1,0.0,0
2017-18,0.5,Arsenal,0.0005,0,0.3912,0,0.0,0
2017-18,0.5,Tottenham Hotspur,0.0002,0,0.3508,1,0.0,0
2017-18,0.5,Leicester City,0.0,0,0.0021,0,0.00015,0
2017-18,0.5,Everton,0.0,0,0.0026,0,0.0002,0
2017-18,0.5,Burnley,0.0,0,0.00045,0,0.0003,0
2017-18,0.5,Southampton,0.0,0,0.0,0,0.0561,0
2017-18,0.5,Watford,0.0,0,0.0,0,0.0953,0
2017-18,0.5,Huddersfield Town,0.0,0,0.0,0,0.1747,0
2017-18,0.5,Stoke City,0.0,0,0.0,0,0.19605,1
2017-18,0.5,West Ham United,0.0,0,0.0,0,0.207,0
2017-18,0.5,Brighton & Hove Albion,0.0,0,0.0,0,0.2113,0
2017-18,0.5,Crystal Palace,0.0,0,0.0,0,0.2586,0
2017-18,0.5,AFC Bournemouth,0.0,0,0.0,0,0.3054,0
2017-18,0.5,Newcastle United,0.0,0,0.0,0,0.3217,0
2017-18,0.5,West Bromwich Albion,0.0,0,0.0,0,0.5235,1
2017-18,0.5,Swansea City,0.0,0,0.0,0,0.6497,1
2017-18,0.75,Manchester City,0.9989,1,1.0,1,0.0,0
2017-18,0.75,Manchester United,0.00085,0,0.93785,1,0.0,0
2017-18,0.75,Liverpool,5e-05,0,0.8499,1,0.0,0
2017-18,0.75,Tottenham Hotspur,0.0002,0,0.7245,1,0.0,0
2017-18,0.75,Chelsea,0.0,0,0.4712,0,0.0,0
2017-18,0.75,Arsenal,0.0,0,0.01655,0,0.0,0
2017-18,0.75,Leicester City,0.0,0,0.0,0,0.0,0
2017-18,0.75,Everton,0.0,0,0.0,0,0.001,0
2017-18,0.75,Burnley,0.0,0,0.0,0,0.00015,0
2017-18,0.75,Watford,0.0,0,0.0,0,0.01375,0
2017-18,0.75,AFC Bournemouth,0.0,0,0.0,0,0.026,0
2017-18,0.75,West Ham United,0.0,0,0.0,0,0.0966,0
2017-18,0.75,Brighton & Hove Albion,0.0,0,0.0,0,0.11,0
2017-18,0.75,Southampton,0.0,0,0.0,0,0.1693,0
2017-18,0.75,Newcastle United,0.0,0,0.0,0,0.1883,0
2017-18,0.75,Crystal Palace,0.0,0,0.0,0,0.25655,0
2017-18,0.75,Swansea City,0.0,0,0.0,0,0.3298,1
2017-18,0.75,Huddersfield Town,0.0,0,0.0,0,0.32885,0
2017-18,0.75,Stoke City,0.0,0,0.0,0,0.58895,1
2017-18,0.75,West Bromwich Albion,0.0,0,0.0,0,0.89075,1
2018-19,0.25,Manchester City,0.5676,1,0.9632,1,0.0,0
2018-19,0.25,Liverpool,0.1977,0,0.85235,1,0.0,0
2018-19,0.25,Chelsea,0.1037,0,0.7327,1,0.0,0
2018-19,0.25,Tottenham Hotspur,0.06395,0,0.62405,1,0.0,0
2018-19,0.25,Arsenal,0.0595,0,0.5975,0,0.0,0
2018-19,0.25,Manchester United,0.00745,0,0.2206,0,0.0,0
2018-19,0.25,Everton,5e-05,0,0.00675,0,0.00045,0
2018-19,0.25,Leicester City,5e-05,0,0.00205,0,0.00125,0
2018-19,0.25,AFC Bournemouth,0.0,0,0.00045,0,0.0041,0
2018-19,0.25,Watford,0.0,0,0.00025,0,0.0118,0
2018-19,0.25,Wolverhampton Wanderers,0.0,0,0.0001,0,0.0169,0
2018-19,0.25,Southampton,0.0,0,0.0,0,0.0387,0
2018-19,0.25,West Ham United,0.0,0,0.0,0,0.04585,0
2018-19,0.25,Brighton & Hove Albion,0.0,0,0.0,0,0.0437,0
2018-19,0.25,Crystal Palace,0.0,0,0.0,0,0.1114,0
2018-19,0.25,Burnley,0.0,0,0.0,0,0.1571,0
2018-19,0.25,Newcastle United,0.0,0,0.0,0,0.2841,0
2018-19,0.25,Fulham,0.0,0,0.0,0,0.4768,1
2018-19,0.25,Huddersfield Town,0.0,0,0.0,0,0.89505,1
2018-19,0.25,Cardiff City,0.0,0,0.0,0,0.9128,1
2018-19,0.5,Liverpool,0.5864,0,0.99425,1,0.0,0
2018-19,0.5,Manchester City,0.28575,1,0.9819,1,0.0,0
2018-19,0.5,Tottenham Hotspur,0.1128,0,0.9305,1,0.0,0
2018-19,0.5,Chelsea,0.0124,0,0.6709,1,0.0,0
2018-19,0.5,Arsenal,0.00255,0,0.34195,0,0.0,0
2018-19,0.5,Manchester United,0.0001,0,0.0798,0,0.0,0
2018-19,0.5,Leicester City,0.0,0,0.00045,0,0.0,0
2018-19,0.5,Everton,0.0,0,0.00025,0,0.0,0
2018-19,0.5,West Ham United,0.0,0,0.0,0,0.0,0
2018-19,0.5,Watford,0.0,0,0.0,0,0.00075,0
2018-19,0.5,AFC Bournemouth,0.0,0,0.0,0,0.00075,0
2018-19,0.5,Wolverhampton Wanderers,0.0,0,0.0,0,0.00085,0
2018-19,0.5,Brighton & Hove Albion,0.0,0,0.0,0,0.00885,0
2018-19,0.5,Crystal Palace,0.0,0,0.0,0,0.01765,0
2018-19,0.5,Southampton,0.0,0,0.0,0,0.05135,0
2018-19,0.5,Newcastle United,0.0,0,0.0,0,0.0829,0
2018-19,0.5,Burnley,0.0,0,0.0,0,0.4557,0
2018-19,0.5,Cardiff City,0.0,0,0.0,0,0.71685,1
2018-19,0.5,Fulham,0.0,0,0.0,0,0.74475,1
2018-19,0.5,Huddersfield Town,0.0,0,0.0,0,0.9196,1
2018-19,0.75,Manchester City,0.56925,1,0.99985,1,0.0,0
2018-19,0.75,Liverpool,0.42805,0,0.9999,1,0.0,0
2018-19,0.75,Tottenham Hotspur,0.0026,0,0.83515,1,0.0,0
2018-19,0.75,Chelsea,5e-05,0,0.40825,1,0.0,0
2018-19,0.75,Manchester United,0.0,0,0.3836,0,0.0,0
2018-19,0.75,Arsenal,5e-05,0,0.37325,0,0.0,0
2018-19,0.75,Wolverhampton Wanderers,0.0,0,0.0,0,0.0,0
2018-19,0.75,Watford,0.0,0,0.0,0,0.0,0
2018-19,0.75,Leicester City,0.0,0,0.0,0,0.0,0
2018-19,0.75,Everton,0.0,0,0.0,0,0.0,0
2018-19,0.75,West Ham United,0.0,0,0.0,0,0.0,0
2018-19,0.75,AFC Bournemouth,0.0,0,0.0,0,0.00035,0
2018-19,0.75,Crystal Palace,0.0,0,0.0,0,0.00565,0
2018-19,0.75,Newcastle United,0.0,0,0.0,0,0.0073,0
2018-19,0.75,Southampton,0.0,0,0.0,0,0.03075,0
2018-19,0.75,Burnley,0.0,0,0.0,0,0.0279,0
2018-19,0.75,Brighton & Hove Albion,0.0,0,0.0,0,0.05605,0
2018-19,0.75,Cardiff City,0.0,0,0.0,0,0.8805,1
2018-19,0.75,Fulham,0.0,0,0.0,0,0.9916,1
2018-19,0.75,Huddersfield Town,0.0,0,0.0,0,0.9999,1
2019-20,0.25,Liverpool,0.5481,1,0.99305,1,0.0,0
2019-20,0.25,Manchester City,0.4166,0,0.98845,1,0.0,0
2019-20,0.25,Chelsea,0.0221,0,0.6944,1,0.0,0
2019-20,0.25,Arsenal,0.0073,0,0.48225,0,0.0,0
2019-20,0.25,Tottenham Hotspur,0.00295,0,0.32875,0,5e-05,0
2019-20,0.25,Leicester City,0.0019,0,0.25825,0,0.0002,0
2019-20,0.25,Manchester United,0.00105,0,0.21205,1,0.00025,0
2019-20,0.25,Sheffield United,0.0,0,0.01945,0,0.00545,0
2019-20,0.25,Everton,0.0,0,0.0075,0,0.02415,0
2019-20,0.25,Crystal Palace,0.0,0,0.0068,0,0.02345,0
2019-20,0.25,Wolverhampton Wanderers,0.0,0,0.005,0,0.0405,0
2019-20,0.25,West Ham United,0.0,0,0.00185,0,0.0604,0
2019-20,0.25,AFC Bournemouth,0.0,0,0.00085,0,0.0884,1
2019-20,0.25,Burnley,0.0,0,0.00065,0,0.128,0
2019-20,0.25,Newcastle United,0.0,0,0.0002,0,0.20995,0
2019-20,0.25,Southampton,0.0,0,0.0003,0,0.2372,0
2019-20,0.25,Aston Villa,0.0,0,0.0001,0,0.3357,0
2019-20,0.25,Brighton & Hove Albion,0.0,0,5e-05,0,0.46225,0
2019-20,0.25,Watford,0.0,0,0.0,0,0.64355,1
2019-20,0.25,Norwich City,0.0,0,5e-05,0,0.7405,1
2019-20,0.5,Liverpool,0.9631,1,1.0,1,0.0,0
2019-20,0.5,Manchester City,0.03665,0,0.9957,1,0.0,0
2019-20,0.5,Leicester City,0.0002,0,0.7302,0,0.0,0
2019-20,0.5,Chelsea,0.0,0,0.53015,1,0.0,0
2019-20,0.5,Tottenham Hotspur,5e-05,0,0.3712,0,0.0,0
2019-20,0.5,Manchester United,0.0,0,0.229,1,0.0,0
2019-20,0.5,Sheffield United,0.0,0,0.0558,0,0.00015,0
2019-20,0.5,Arsenal,0.0,0,0.04785,0,0.00035,0
2019-20,0.5,Wolverhampton Wanderers,0.0,0,0.0349,0,0.00035,0
2019-20,0.5,Crystal Palace,0.0,0,0.00255,0,0.0111,0
2019-20,0.5,Everton,0.0,0,0.00115,0,0.01625,0
2019-20,0.5,Newcastle United,0.0,0,0.0012,0,0.0279,0
2019-20,0.5,Burnley,0.0,0,0.00015,0,0.06115,0
2019-20,0.5,Southampton,0.0,0,0.0001,0,0.08195,0
2019-20,0.5,AFC Bournemouth,0.0,0,5e-05,0,0.13035,1
2019-20,0.5,West Ham United,0.0,0,0.0,0,0.13475,0
2019-20,0.5,Brighton & Hove Albion,0.0,0,0.0,0,0.2444,0
2019-20,0.5,Aston Villa,0.0,0,0.0,0,0.55435,0
2019-20,0.5,Watford,0.0,0,0.0,0,0.7787,1
2019-20,0.5,Norwich City,0.0,0,0.0,0,0.95825,1
2019-20,0.75,Liverpool,0.9999,1,1.0,1,0.0,0
2019-20,0.75,Manchester City,0.0001,0,1.0,1,0.0,0
2019-20,0.75,Leicester City,0.0,0,0.83235,0,0.0,0
2019-20,0.75,Chelsea,0.0,0,0.57025,1,0.0,0
2019-20,0.75,Manchester United,0.0,0,0.27645,1,0.0,0
2019-20,0.75,Tottenham Hotspur,0.0,0,0.1038,0,0.0,0
2019-20,0.75,Sheffield United,0.0,0,0.0949,0,0.0,0
2019-20,0.75,Arsenal,0.0,0,0.07075,0,0.0,0
2019-20,0.75,Wolverhampton Wanderers,0.0,0,0.0469,0,0.0,0
2019-20,0.75,Everton,0.0,0,0.00325,0,0.00015,0
2019-20,0.75,Burnley,0.0,0,0.00035,0,0.0,0
2019-20,0.75,Crystal Palace,0.0,0,0.001,0,0.0001,0
2019-20,0.75,Newcastle United,0.0,0,0.0,0,0.00975,0
2019-20,0.75,Southampton,0.0,0,0.0,0,0.01595,0
2019-20,0.75,West Ham United,0.0,0,0.0,0,0.1996,0
2019-20,0.75,Brighton & Hove Albion,0.0,0,0.0,0,0.2605,0
2019-20,0.75,Watford,0.0,0,0.0,0,0.38625,1
2019-20,0.75,AFC Bournemouth,0.0,0,0.0,0,0.48625,1
2019-20,0.75,Aston Villa,0.0,0,0.0,0,0.6744,0
2019-20,0.75,Norwich City,0.0,0,0.0,0,0.96705,1
2020-21,0.25,Manchester City,0.49985,1,0.96405,1,0.0,0
2020-21,0.25,Liverpool,0.3207,0,0.9301,1,0.0,0
2020-21,0.25,Tottenham Hotspur,0.09015,0,0.7142,0,0.0,0
2020-21,0.25,Chelsea,0.06045,0,0.608,1,0.0,0
2020-21,0.25,Manchester United,0.0163,0,0.34215,1,0.0,0
2020-21,0.25,Arsenal,0.00625,0,0.1964,0,5e-05,0
2020-21,0.25,Leicester City,0.00605,0,0.1896,0,0.0,0
2020-21,0.25,Everton,5e-05,0,0.01475,0,0.0027,0
2020-21,0.25,Southampton,0.00015,0,0.01165,0,0.00325,0
2020-21,0.25,Wolverhampton Wanderers,0.0,0,0.0137,0,0.00405,0
2020-21,0.25,West Ham United,5e-05,0,0.00795,0,0.0069,0
2020-21,0.25,Leeds United,0.0,0,0.00595,0,0.00815,0
2020-21,0.25,Aston Villa,0.0,0,0.0007,0,0.0482,0
2020-21,0.25,Newcastle United,0.0,0,0.00045,0,0.05295,0
2020-21,0.25,Crystal Palace,0.0,0,0.00035,0,0.07275,0
2020-21,0.25,Brighton & Hove Albion,0.0,0,0.0,0,0.22815,0
2020-21,0.25,Burnley,0.0,0,0.0,0,0.42445,0
2020-21,0.25,West Bromwich Albion,0.0,0,0.0,0,0.60865,1
2020-21,0.25,Sheffield United,0.0,0,0.0,0,0.6014,1
2020-21,0.25,Fulham,0.0,0,0.0,0,0.93835,1
2020-21,0.5,Manchester City,0.81675,1,0.99665,1,0.0,0
2020-21,0.5,Manchester United,0.09795,0,0.86375,1,0.0,0
2020-21,0.5,Liverpool,0.05165,0,0.7873,1,0.0,0
2020-21,0.5,Tottenham Hotspur,0.0227,0,0.59055,0,0.0,0
2020-21,0.5,Leicester City,0.0091,0,0.4037,0,0.0,0
2020-21,0.5,Chelsea,0.00085,0,0.16155,1,0.0,0
2020-21,0.5,Arsenal,0.00035,0,0.0779,0,0.0,0
2020-21,0.5,Everton,0.00055,0,0.0849,0,0.0,0
2020-21,0.5,West Ham United,0.0001,0,0.0232,0,0.0,0
2020-21,0.5,Southampton,0.0,0,0.00395,0,0.0,0
2020-21,0.5,Aston Villa,0.0,0,0.005,0,0.0002,0
2020-21,0.5,Leeds United,0.0,0,0.00135,0,0.0004,0
2020-21,0.5,Wolverhampton Wanderers,0.0,0,0.0002,0,0.00495,0
2020-21,0.5,Crystal Palace,0.0,0,0.0,0,0.02025,0
2020-21,0.5,Burnley,0.0,0,0.0,0,0.0458,0
2020-21,0.5,Newcastle United,0.0,0,0.0,0,0.11835,0
2020-21,0.5,Brighton & Hove Albion,0.0,0,0.0,0,0.1659,0
2020-21,0.5,Fulham,0.0,0,0.0,0,0.80095,1
2020-21,0.5,West Bromwich Albion,0.0,0,0.0,0,0.8904,1
2020-21,0.5,Sheffield United,0.0,0,0.0,0,0.9528,1
2020-21,0.75,Manchester City,0.99905,1,1.0,1,0.0,0
2020-21,0.75,Manchester United,0.0009,0,0.9691,1,0.0,0
2020-21,0.75,Leicester City,5e-05,0,0.77865,0,0.0,0
2020-21,0.75,Chelsea,0.0,0,0.67295,1,0.0,0
2020-21,0.75,Tottenham Hotspur,0.0,0,0.2344,0,0.0,0
2020-21,0.75,Liverpool,0.0,0,0.17135,1,0.0,0
2020-21,0.75,West Ham United,0.0,0,0.10095,0,0.0,0
2020-21,0.75,Everton,0.0,0,0.0394,0,0.0,0
2020-21,0.75,Arsenal,0.0,0,0.0324,0,0.0,0
2020-21,0.75,Aston Villa,0.0,0,0.00075,0,0.0,0
2020-21,0.75,Leeds United,0.0,0,0.0,0,0.0001,0
2020-21,0.75,Wolverhampton Wanderers,0.0,0,5e-05,0,0.0003,0
2020-21,0.75,Crystal Palace,0.0,0,0.0,0,0.0012,0
2020-21,0.75,Southampton,0.0,0,0.0,0,0.0071,0
2020-21,0.75,Burnley,0.0,0,0.0,0,0.0144,0
2020-21,0.75,Brighton & Hove Albion,0.0,0,0.0,0,0.1145,0
2020-21,0.75,Newcastle United,0.0,0,0.0,0,0.2012,0
2020-21,0.75,Fulham,0.0,0,0.0,0,0.66435,1
2020-21,0.75,West Bromwich Albion,0.0,0,0.0,0,0.99785,1
2020-21,0.75,Sheffield United,0.0,0,0.0,0,0.999,1
2021-22,0.25,Manchester City,0.6523,1,0.9967,1,0.0,0
2021-22,0.25,Liverpool,0.2416,0,0.97385,1,0.0,0
2021-22,0.25,Chelsea,0.0978,0,0.91415,1,0.0,0
2021-22,0.25,Manchester United,0.004,0,0.36745,0,0.0,0
2021-22,0.25,Tottenham Hotspur,0.00315,0,0.34805,1,0.0,0
2021-22,0.25,Arsenal,0.00085,0,0.1895,0,0.0002,0
2021-22,0.25,Brentford,5e-05,0,0.07665,0,0.0004,0
2021-22,0.25,Leicester City,0.0001,0,0.07425,0,0.00095,0
2021-22,0.25,West Ham United,0.0001,0,0.0419,0,0.00155,0
2021-22,0.25,Everton,0.0,0,0.00855,0,0.01335,0
2021-22,0.25,Wolverhampton Wanderers,5e-05,0,0.00545,0,0.0151,0
2021-22,0.25,Leeds United,0.0,0,0.00135,0,0.0605,0
2021-22,0.25,Brighton & Hove Albion,0.0,0,0.001,0,0.0526,0
2021-22,0.25,Aston Villa,0.0,0,0.0008,0,0.08445,0
2021-22,0.25,Southampton,0.0,0,0.00015,0,0.1535,0
2021-22,0.25,Crystal Palace,0.0,0,0.00015,0,0.16545,0
2021-22,0.25,Watford,0.0,0,0.0,0,0.33985,1
2021-22,0.25,Newcastle United,0.0,0,0.0,0,0.5551,0
2021-22,0.25,Burnley,0.0,0,5e-05,0,0.5604,1
2021-22,0.25,Norwich City,0.0,0,0.0,0,0.9966,1
2021-22,0.5,Manchester City,0.9568,1,1.0,1,0.0,0
2021-22,0.5,Liverpool,0.03855,0,0.98435,1,0.0,0
2021-22,0.5,Chelsea,0.0046,0,0.90685,1,0.0,0
2021-22,0.5,Tottenham Hotspur,0.0,0,0.3717,1,0.0,0
2021-22,0.5,Manchester United,5e-05,0,0.3637,0,0.0,0
2021-22,0.5,Arsenal,0.0,0,0.30005,0,0.0,0
2021-22,0.5,West Ham United,0.0,0,0.05285,0,0.0,0
2021-22,0.5,Leicester City,0.0,0,0.0192,0,0.0002,0
2021-22,0.5,Wolverhampton Wanderers,0.0,0,0.00095,0,0.00195,0
2021-22,0.5,Brighton & Hove Albion,0.0,0,0.0002,0,0.0041,0
2021-22,0.5,Brentford,0.0,0,0.0,0,0.0151,0
2021-22,0.5,Everton,0.0,0,0.0001,0,0.02575,0
2021-22,0.5,Aston Villa,0.0,0,5e-05,0,0.0211,0
2021-22,0.5,Crystal Palace,0.0,0,0.0,0,0.031,0
2021-22,0.5,Southampton,0.0,0,0.0,0,0.04445,0
2021-22,0.5,Leeds United,0.0,0,0.0,0,0.05415,0
2021-22,0.5,Burnley,0.0,0,0.0,0,0.5134,1
2021-22,0.5,Watford,0.0,0,0.0,0,0.5398,1
2021-22,0.5,Newcastle United,0.0,0,0.0,0,0.7526,0
2021-22,0.5,Norwich City,0.0,0,0.0,0,0.9964,1
2021-22,0.75,Manchester City,0.7455,1,1.0,1,0.0,0
2021-22,0.75,Liverpool,0.25275,0,1.0,1,0.0,0
2021-22,0.75,Chelsea,0.00175,0,0.9918,1,0.0,0
2021-22,0.75,Arsenal,0.0,0,0.5576,0,0.0,0
2021-22,0.75,Tottenham Hotspur,0.0,0,0.2708,1,0.0,0
2021-22,0.75,Manchester United,0.0,0,0.1619,0,0.0,0
2021-22,0.75,West Ham United,0.0,0,0.0176,0,0.0,0
2021-22,0.75,Wolverhampton Wanderers,0.0,0,0.00015,0,0.0,0
2021-22,0.75,Leicester City,0.0,0,0.00015,0,0.0,0
2021-22,0.75,Aston Villa,0.0,0,0.0,0,0.0001,0
2021-22,0.75,Crystal Palace,0.0,0,0.0,0,0.0021,0
2021-22,0.75,Southampton,0.0,0,0.0,0,0.00145,0
2021-22,0.75,Brighton & Hove Albion,0.0,0,0.0,0,0.00995,0
2021-22,0.75,Newcastle United,0.0,0,0.0,0,0.04725,0
2021-22,0.75,Brentford,0.0,0,0.0,0,0.0872,0
2021-22,0.75,Everton,0.0,0,0.0,0,0.1861,0
2021-22,0.75,Leeds United,0.0,0,0.0,0,0.18905,0
2021-22,0.75,Burnley,0.0,0,0.0,0,0.58555,1
2021-22,0.75,Watford,0.0,0,0.0,0,0.8918,1
2021-22,0.75,Norwich City,0.0,0,0.0,0,0.99945,1
2022-23,0.25,Manchester City,0.8764,1,0.9972,1,0.0,0
2022-23,0.25,Arsenal,0.0448,0,0.7429,1,0.0,0
2022-23,0.25,Tottenham Hotspur,0.0315,0,0.68885,0,0.0,0
2022-23,0.25,Liverpool,0.02475,0,0.6607,0,0.0,0
2022-23,0.25,Chelsea,0.01665,0,0.55525,0,0.0,0
2022-23,0.25,Manchester United,0.0059,0,0.34825,1,0.0,0
2022-23,0.25,Brighton & Hove Albion,0.0,0,0.00215,0,0.02095,0
2022-23,0.25,West Ham United,0.0,0,0.002,0,0.0326,0
2022-23,0.25,Brentford,0.0,0,0.0008,0,0.03705,0
2022-23,0.25,Newcastle United,0.0,0,0.0006,1,0.05585,0
2022-23,0.25,Crystal Palace,0.0,0,0.0006,0,0.0732,0
2022-23,0.25,Leicester City,0.0,0,0.0002,0,0.09065,1
2022-23,0.25,Everton,0.0,0,0.0002,0,0.0898,0
2022-23,0.25,Aston Villa,0.0,0,0.00015,0,0.1522,0
2022-23,0.25,Leeds United,0.0,0,5e-05,0,0.17465,1
2022-23,0.25,Wolverhampton Wanderers,0.0,0,5e-05,0,0.1966,0
2022-23,0.25,Southampton,0.0,0,0.0,0,0.2695,1
2022-23,0.25,AFC Bournemouth,0.0,0,5e-05,0,0.28875,0
2022-23,0.25,Fulham,0.0,0,0.0,0,0.51835,0
2022-23,0.25,Nottingham Forest,0.0,0,0.0,0,0.99985,0
2022-23,0.5,Manchester City,0.6644,1,0.99945,1,0.0,0
2022-23,0.5,Arsenal,0.317,0,0.9957,1,0.0,0
2022-23,0.5,Manchester United,0.01595,0,0.8272,1,0.0,0
2022-23,0.5,Liverpool,0.0023,0,0.5993,0,0.0,0
2022-23,0.5,Tottenham Hotspur,0.0002,0,0.3122,0,0.0,0
2022-23,0.5,Newcastle United,5e-05,0,0.11725,1,0.0,0
2022-23,0.5,Chelsea,5e-05,0,0.11115,0,0.0,0
2022-23,0.5,Brighton & Hove Albion,5e-05,0,0.02705,0,0.0,0
2022-23,0.5,Brentford,0.0,0,0.00965,0,0.0004,0
2022-23,0.5,Fulham,0.0,0,0.0004,0,0.00225,0
2022-23,0.5,Aston Villa,0.0,0,0.0005,0,0.0137,0
2022-23,0.5,Crystal Palace,0.0,0,0.0001,0,0.0355,0
2022-23,0.5,Leicester City,0.0,0,5e-05,0,0.057,1
2022-23,0.5,West Ham United,0.0,0,0.0,0,0.1952,0
2022-23,0.5,Leeds United,0.0,0,0.0,0,0.20595,1
2022-23,0.5,Wolverhampton Wanderers,0.0,0,0.0,0,0.29605,0
2022-23,0.5,Everton,0.0,0,0.0,0,0.379,0
2022-23,0.5,Southampton,0.0,0,0.0,0,0.55035,1
2022-23,0.5,Nottingham Forest,0.0,0,0.0,0,0.62375,0
2022-23,0.5,AFC Bournemouth,0.0,0,0.0,0,0.64085,0
2022-23,0.75,Manchester City,0.54465,1,1.0,1,0.0,0
2022-23,0.75,Arsenal,0.45535,0,1.0,1,0.0,0
2022-23,0.75,Manchester United,0.0,0,0.78535,1,0.0,0
2022-23,0.75,Tottenham Hotspur,0.0,0,0.5081,0,0.0,0
2022-23,0.75,Liverpool,0.0,0,0.3625,0,0.0,0
2022-23,0.75,Newcastle United,0.0,0,0.2638,1,0.0,0
2022-23,0.75,Brighton & Hove Albion,0.0,0,0.06695,0,0.0,0
2022-23,0.75,Brentford,0.0,0,0.0064,0,0.0,0
2022-23,0.75,Aston Villa,0.0,0,0.00615,0,0.0,0
2022-23,0.75,Chelsea,0.0,0,0.00075,0,0.0,0
2022-23,0.75,Fulham,0.0,0,0.0,0,5e-05,0
2022-23,0.75,Crystal Palace,0.0,0,0.0,0,0.0361,0
2022-23,0.75,West Ham United,0.0,0,0.0,0,0.0881,0
2022-23,0.75,Leeds United,0.0,0,0.0,0,0.14445,1
2022-23,0.75,Leicester City,0.0,0,0.0,0,0.18835,1
2022-23,0.75,Wolverhampton Wanderers,0.0,0,0.0,0,0.20005,0
2022-23,0.75,Everton,0.0,0,0.0,0,0.2388,0
2022-23,0.75,AFC Bournemouth,0.0,0,0.0,0,0.5492,0
2022-23,0.75,Southampton,0.0,0,0.0,0,0.76985,1
2022-23,0.75,Nottingham Forest,0.0,0,0.0,0,0.78505,0
2023-24,0.25,Manchester City,0.70885,1,0.9973,1,0.0,0
2023-24,0.25,Liverpool,0.1811,0,0.95625,1,0.0,0
2023-24,0.25,Arsenal,0.0577,0,0.8565,1,0.0,0
2023-24,0.25,Tottenham Hotspur,0.0505,0,0.8322,0,0.0,0
2023-24,0.25,Manchester United,0.0009,0,0.1333,0,0.0,0
2023-24,0.25,Aston Villa,0.0006,0,0.07405,1,0.0,0
2023-24,0.25,Newcastle United,0.00015,0,0.0483,0,0.0,0
2023-24,0.25,Chelsea,0.00015,0,0.0421,0,0.0,0
2023-24,0.25,Brighton & Hove Albion,0.0,0,0.03525,0,0.00035,0
2023-24,0.25,Brentford,5e-05,0,0.01395,0,0.0003,0
2023-24,0.25,West Ham United,0.0,0,0.0099,0,0.0005,0
2023-24,0.25,Crystal Palace,0.0,0,0.0003,0,0.01905,0
2023-24,0.25,Wolverhampton Wanderers,0.0,0,0.00025,0,0.01915,0
2023-24,0.25,Fulham,0.0,0,0.0003,0,0.02885,0
2023-24,0.25,Everton,0.0,0,5e-05,0,0.0912,0
2023-24,0.25,Nottingham Forest,0.0,0,0.0,0,0.0975,0
2023-24,0.25,AFC Bournemouth,0.0,0,0.0,0,0.4128,0
2023-24,0.25,Burnley,0.0,0,0.0,0,0.4842,1
2023-24,0.25,Luton,0.0,0,0.0,0,0.89295,1
2023-24,0.25,Sheffield United,0.0,0,0.0,0,0.95315,1
2023-24,0.5,Manchester City,0.55955,1,0.9964,1,0.0,0
2023-24,0.5,Liverpool,0.3695,0,0.99095,1,0.0,0
2023-24,0.5,Arsenal,0.0607,0,0.89385,1,0.0,0
2023-24,0.5,Tottenham Hotspur,0.0076,0,0.57685,0,0.0,0
2023-24,0.5,Aston Villa,0.0024,0,0.3349,1,0.0,0
2023-24,0.5,Manchester United,0.0001,0,0.10435,0,0.0,0
2023-24,0.5,West Ham United,0.00015,0,0.0467,0,0.0,0
2023-24,0.5,Chelsea,0.0,0,0.0206,0,5e-05,0
2023-24,0.5,Brighton & Hove Albion,0.0,0,0.0187,0,5e-05,0
2023-24,0.5,Newcastle United,0.0,0,0.01605,0,5e-05,0
2023-24,0.5,Everton,0.0,0,0.00045,0,0.00495,0
2023-24,0.5,Wolverhampton Wanderers,0.0,0,0.0001,0,0.00745,0
2023-24,0.5,Brentford,0.0,0,5e-05,0,0.02145,0
2023-24,0.5,AFC Bournemouth,0.0,0,5e-05,0,0.0204,0
2023-24,0.5,Fulham,0.0,0,0.0,0,0.0611,0
2023-24,0.5,Crystal Palace,0.0,0,0.0,0,0.12055,0
2023-24,0.5,Nottingham Forest,0.0,0,0.0,0,0.45255,0
2023-24,0.5,Luton,0.0,0,0.0,0,0.4692,1
2023-24,0.5,Burnley,0.0,0,0.0,0,0.84965,1
2023-24,0.5,Sheffield United,0.0,0,0.0,0,0.99255,1
2023-24,0.75,Manchester City,0.46595,1,1.0,1,0.0,0
2023-24,0.75,Liverpool,0.37435,0,0.99985,1,0.0,0
2023-24,0.75,Arsenal,0.15955,0,0.9988,1,0.0,0
2023-24,0.75,Tottenham Hotspur,0.00015,0,0.63795,0,0.0,0
2023-24,0.75,Aston Villa,0.0,0,0.29155,1,0.0,0
2023-24,0.75,Manchester United,0.0,0,0.05985,0,0.0,0
2023-24,0.75,Chelsea,0.0,0,0.00995,0,0.0,0
2023-24,0.75,Newcastle United,0.0,0,0.0012,0,0.0,0
2023-24,0.75,Brighton & Hove Albion,0.0,0,0.0004,0,0.0,0
2023-24,0.75,West Ham United,0.0,0,0.0002,0,0.0,0
2023-24,0.75,Wolverhampton Wanderers,0.0,0,0.00025,0,0.0,0
2023-24,0.75,Fulham,0.0,0,0.0,0,0.0,0
2023-24,0.75,AFC Bournemouth,0.0,0,0.0,0,0.00065,0
2023-24,0.75,Everton,0.0,0,0.0,0,0.004,0
2023-24,0.75,Brentford,0.0,0,0.0,0,0.02545,0
2023-24,0.75,Crystal Palace,0.0,0,0.0,0,0.0256,0
2023-24,0.75,Nottingham Forest,0.0,0,0.0,0,0.20625,0
2023-24,0.75,Luton,0.0,0,0.0,0,0.76605,1
2023-24,0.75,Burnley,0.0,0,0.0,0,0.9724,1
2023-24,0.75,Sheffield United,0.0,0,0.0,0,0.9996,1
2024-25,0.25,Manchester City,0.76755,0,0.99935,1,0.0,0
2024-25,0.25,Liverpool,0.1914,1,0.986,1,0.0,0
2024-25,0.25,Arsenal,0.03715,0,0.9107,1,0.0,0
2024-25,0.25,Chelsea,0.00285,0,0.52415,1,0.0,0
2024-25,0.25,Tottenham Hotspur,0.0009,0,0.28405,0,0.0001,0
2024-25,0.25,Aston Villa,0.00015,0,0.0969,0,0.00075,0
2024-25,0.25,Manchester United,0.0,0,0.0766,0,0.0015,0
2024-25,0.25,Brighton & Hove Albion,0.0,0,0.04355,0,0.0032,0
2024-25,0.25,Newcastle United,0.0,0,0.0354,0,0.0042,0
2024-25,0.25,Brentford,0.0,0,0.02475,0,0.0088,0
2024-25,0.25,West Ham United,0.0,0,0.0047,0,0.03775,0
2024-25,0.25,Leicester City,0.0,0,0.00465,0,0.04265,1
2024-25,0.25,Nottingham Forest,0.0,0,0.0039,0,0.0381,0
2024-25,0.25,Fulham,0.0,0,0.00395,0,0.0518,0
2024-25,0.25,AFC Bournemouth,0.0,0,0.0008,0,0.10995,0
2024-25,0.25,Crystal Palace,0.0,0,0.0003,0,0.1624,0
2024-25,0.25,Everton,0.0,0,0.0002,0,0.2089,0
2024-25,0.25,Wolverhampton Wanderers,0.0,0,5e-05,0,0.5232,0
2024-25,0.25,Southampton,0.0,0,0.0,0,0.86005,1
2024-25,0.25,Ipswich Town,0.0,0,0.0,0,0.94665,1
2024-25,0.5,Liverpool,0.88055,1,1.0,1,0.0,0
2024-25,0.5,Arsenal,0.0929,0,0.9814,1,0.0,0
2024-25,0.5,Manchester City,0.0236,0,0.9457,1,0.0,0
2024-25,0.5,Chelsea,0.00275,0,0.6814,1,0.0,0
2024-25,0.5,Newcastle United,5e-05,0,0.16885,0,0.0,0
2024-25,0.5,Nottingham Forest,0.00015,0,0.1114,0,5e-05,0
2024-25,0.5,Tottenham Hotspur,0.0,0,0.04735,0,0.00065,0
2024-25,0.5,Aston Villa,0.0,0,0.0263,0,0.0007,0
2024-25,0.5,Brighton & Hove Albion,0.0,0,0.01095,0,0.00205,0
2024-25,0.5,Fulham,0.0,0,0.00955,0,0.00195,0
2024-25,0.5,AFC Bournemouth,0.0,0,0.00785,0,0.0021,0
2024-25,0.5,Manchester United,0.0,0,0.00545,0,0.00435,0
2024-25,0.5,Brentford,0.0,0,0.00315,0,0.01025,0
2024-25,0.5,West Ham United,0.0,0,0.00035,0,0.0399,0
2024-25,0.5,Crystal Palace,0.0,0,0.0002,0,0.09165,0
2024-25,0.5,Everton,0.0,0,0.0,0,0.2641,0
2024-25,0.5,Wolverhampton Wanderers,0.0,0,5e-05,0,0.3814,0
2024-25,0.5,Leicester City,0.0,0,5e-05,0,0.39545,1
2024-25,0.5,Ipswich Town,0.0,0,0.0,0,0.81655,1
2024-25,0.5,Southampton,0.0,0,0.0,0,0.98885,1
2024-25,0.75,Liverpool,0.98825,1,1.0,1,0.0,0
2024-25,0.75,Arsenal,0.01165,0,0.9915,1,0.0,0
2024-25,0.75,Manchester City,0.0001,0,0.92485,1,0.0,0
2024-25,0.75,Chelsea,0.0,0,0.4701,1,0.0,0
2024-25,0.75,Nottingham Forest,0.0,0,0.34375,0,0.0,0
2024-25,0.75,Newcastle United,0.0,0,0.1971,0,0.0,0
2024-25,0.75,Brighton & Hove Albion,0.0,0,0.03735,0,0.0,0
2024-25,0.75,AFC Bournemouth,0.0,0,0.01595,0,0.0,0
2024-25,0.75,Aston Villa,0.0,0,0.01515,0,0.0,0
2024-25,0.75,Fulham,0.0,0,0.0018,0,0.0,0
2024-25,0.75,Brentford,0.0,0,0.0018,0,0.0,0
2024-25,0.75,Tottenham Hotspur,0.0,0,0.00025,0,0.0,0
2024-25,0.75,Crystal Palace,0.0,0,0.00035,0,0.0,0
2024-25,0.75,Manchester United,0.0,0,5e-05,0,0.0001,0
2024-25,0.75,West Ham United,0.0,0,0.0,0,0.00045,0
2024-25,0.75,Everton,0.0,0,0.0,0,0.0003,0
2024-25,0.75,Wolverhampton Wanderers,0.0,0,0.0,0,0.1615,0
2024-25,0.75,Leicester City,0.0,0,0.0,0,0.8608,1
2024-25,0.75,Ipswich Town,0.0,0,0.0,0,0.97715,1
2024-25,0.75,Southampton,0.0,0,0.0,0,0.9997,1
2025-26,0.25,Manchester City,0.4469,0,0.9832,1,0.0,0
2025-26,0.25,Arsenal,0.414,1,0.97815,1,0.0,0
2025-26,0.25,Liverpool,0.12455,0,0.89345,0,0.0,0
2025-26,0.25,Chelsea,0.00495,0,0.31405,0,0.0003,0
2025-26,0.25,Tottenham Hotspur,0.00595,0,0.31915,0,0.00015,0
2025-26,0.25,Manchester United,0.00245,0,0.20325,1,0.0006,0
2025-26,0.25,Aston Villa,0.00015,0,0.0736,1,0.0046,0
2025-26,0.25,Newcastle United,0.00035,0,0.0702,0,0.0057,0
2025-26,0.25,Brentford,0.0005,0,0.05675,0,0.0054,0
2025-26,0.25,AFC Bournemouth,0.00015,0,0.03895,0,0.0096,0
2025-26,0.25,Brighton & Hove Albion,5e-05,0,0.02445,0,0.01945,0
2025-26,0.25,Sunderland,0.0,0,0.01915,0,0.01725,0
2025-26,0.25,Crystal Palace,0.0,0,0.02,0,0.0236,0
2025-26,0.25,Everton,0.0,0,0.0037,0,0.1068,0
2025-26,0.25,Fulham,0.0,0,0.0017,0,0.1553,0
2025-26,0.25,Nottingham Forest,0.0,0,0.0001,0,0.4302,0
2025-26,0.25,Leeds United,0.0,0,0.0001,0,0.45365,0
2025-26,0.25,Burnley,0.0,0,5e-05,0,0.48145,1
2025-26,0.25,West Ham United,0.0,0,0.0,0,0.50685,1
2025-26,0.25,Wolverhampton Wanderers,0.0,0,0.0,0,0.7791,1
2025-26,0.5,Manchester City,0.50855,0,0.99905,1,0.0,0
2025-26,0.5,Arsenal,0.4766,1,0.99925,1,0.0,0
2025-26,0.5,Liverpool,0.0111,0,0.8437,0,0.0,0
2025-26,0.5,Aston Villa,0.0036,0,0.68505,1,0.0,0
2025-26,0.5,Chelsea,0.00015,0,0.20715,0,5e-05,0
2025-26,0.5,Manchester United,0.0,0,0.10065,1,0.0002,0
2025-26,0.5,Tottenham Hotspur,0.0,0,0.0543,0,0.0004,0
2025-26,0.5,Newcastle United,0.0,0,0.0308,0,0.00115,0
2025-26,0.5,Brentford,0.0,0,0.0277,0,0.00125,0
2025-26,0.5,Sunderland,0.0,0,0.01895,0,0.00095,0
2025-26,0.5,Brighton & Hove Albion,0.0,0,0.0108,0,0.0044,0
2025-26,0.5,Crystal Palace,0.0,0,0.00695,0,0.0048,0
2025-26,0.5,Everton,0.0,0,0.0074,0,0.0045,0
2025-26,0.5,Fulham,0.0,0,0.00765,0,0.00695,0
2025-26,0.5,AFC Bournemouth,0.0,0,0.00055,0,0.05205,0
2025-26,0.5,Leeds United,0.0,0,5e-05,0,0.1505,0
2025-26,0.5,Nottingham Forest,0.0,0,0.0,0,0.261,0
2025-26,0.5,West Ham United,0.0,0,0.0,0,0.5878,1
2025-26,0.5,Burnley,0.0,0,0.0,0,0.9314,1
2025-26,0.5,Wolverhampton Wanderers,0.0,0,0.0,0,0.9926,1
2025-26,0.75,Arsenal,0.6006,1,1.0,1,0.0,0
2025-26,0.75,Manchester City,0.39935,0,1.0,1,0.0,0
2025-26,0.75,Manchester United,5e-05,0,0.6488,1,0.0,0
2025-26,0.75,Liverpool,0.0,0,0.614,0,0.0,0
2025-26,0.75,Aston Villa,0.0,0,0.50815,1,0.0,0
2025-26,0.75,Chelsea,0.0,0,0.19215,0,0.0,0
2025-26,0.75,Brentford,0.0,0,0.02975,0,0.0,0
2025-26,0.75,Fulham,0.0,0,0.00385,0,5e-05,0
2025-26,0.75,Everton,0.0,0,0.0011,0,0.0,0
2025-26,0.75,Newcastle United,0.0,0,0.0007,0,0.0005,0
2025-26,0.75,AFC Bournemouth,0.0,0,0.0002,0,0.00025,0
2025-26,0.75,Sunderland,0.0,0,0.00055,0,0.0001,0
2025-26,0.75,Brighton & Hove Albion,0.0,0,0.0007,0,0.00015,0
2025-26,0.75,Crystal Palace,0.0,0,5e-05,0,0.0062,0
2025-26,0.75,Tottenham Hotspur,0.0,0,0.0,0,0.0241,0
2025-26,0.75,Leeds United,0.0,0,0.0,0,0.08215,0
2025-26,0.75,Nottingham Forest,0.0,0,0.0,0,0.2781,0
2025-26,0.75,West Ham United,0.0,0,0.0,0,0.62015,1
2025-26,0.75,Burnley,0.0,0,0.0,0,0.99115,1
2025-26,0.75,Wolverhampton Wanderers,0.0,0,0.0,0,0.9971,1
